id,firstName,lastName,email
004de643-a179-43dc-bcf4-d67123e02220,Lenci,Hymas,lhymas0@naver.com
5e035005-4c94-497c-810c-34509bf65adf,Berenice,Fontelles,bfontelles1@paypal.com
6685245f-0c46-42d6-b08f-e2cd374c9814,Berni,Aberdein,baberdein2@angelfire.com
8570c664-0e4f-4ff1-9ad1-504e50e4db10,Care,Bate,cbate3@123-reg.co.uk
14d4de01-b8fb-409b-b62c-3c5277a8d4d5,Abigale,Osmant,aosmant4@spotify.com
26861c55-0a99-4ff4-b296-33f5273ae71a,Gerrilee,Speaks,gspeaks5@ftc.gov
625c7486-3dc0-449e-b0dc-e4d4a90e0cc3,Baily,Maclean,bmaclean6@gravatar.com
4d13e751-9acc-4fce-8dfe-22ca2307f3c5,Augustin,Ludwikiewicz,aludwikiewicz7@posterous.com
51cb9fee-b10f-48e2-8e54-9fd62e2a0235,Genia,McLevie,gmclevie8@posterous.com
4c7f80b0-d7ce-4982-8382-5c272b34ac27,Hayward,Slessor,hslessor9@si.edu
5be7ea7f-3c84-453b-a9f4-1f836cc96e1d,Codee,Mithan,cmithana@usgs.gov
560cffb7-ccf7-4745-ab1f-6e6355d788ed,Hyacinthie,Grigoryov,hgrigoryovb@elpais.com
dd4886f2-4b43-4645-a036-6897825028fc,Terri,Guinan,tguinanc@youtube.com
aedd396b-4c03-44e8-8c03-a2339138eb46,Melvyn,Eastcourt,meastcourtd@msu.edu
10cdc7c6-a8d3-42fc-b28f-14d44f5435e5,Katya,Worrill,kworrille@webnode.com
8ae5e57e-c176-4f48-bc77-8deeadd81af9,Frazer,Grendon,fgrendonf@hostgator.com
a5c5c11f-9083-4672-b42a-a6a0e6dee0c4,Carolyne,Heynen,cheyneng@geocities.jp
809fd918-087d-4fa5-aee5-c13cea98855b,Reta,Iremonger,riremongerh@jiathis.com
3ba53625-b744-4c88-a2e6-3093ad591721,Brendin,Coleborn,bcoleborni@posterous.com
3a9cdd8b-c7de-4ef4-abfd-d09f55bf2544,Ludovico,Adolphine,ladolphinej@squidoo.com
519fe419-3018-44bb-acc5-07f1833bc026,Elicia,Taillard,etaillardk@princeton.edu
cd8d9fae-b737-4e23-bf2d-a79a77933858,Chariot,Bartkiewicz,cbartkiewiczl@sciencedaily.com
ba44df24-a835-453c-921e-a6a691973310,Neda,Christene,nchristenem@hubpages.com
93228ad0-10b3-415d-9b15-c745c4cdf3f4,Moss,Jacobi,mjacobin@yolasite.com
e7bad0e1-942d-412a-bab2-3bb66b2fd3e2,Lorena,Cuttles,lcuttleso@nps.gov
9c4a8dc7-8b1d-41a5-b245-fa6e4fbf845a,Shae,Ferrero,sferrerop@utexas.edu
aa7bed9a-db42-4056-96d5-edb698043e0d,Gare,Peniello,gpenielloq@blogspot.com
4ab2ee73-b199-48c9-b3a5-8bd26ae6eec6,Cesar,McCunn,cmccunnr@toplist.cz
ac092fc1-8b6f-4dd8-9a36-7d397e73bbb4,Branden,Stockdale,bstockdales@symantec.com
cafa5e39-08ac-4d37-9567-7ede80eea4d5,Arda,Rennenbach,arennenbacht@rakuten.co.jp
f8cb42dd-834f-4a76-9375-9090f7d5f561,Duff,Leipelt,dleipeltu@seesaa.net
4232b5b6-ee6b-4b68-8953-960308cccfae,Zia,Moakler,zmoaklerv@cornell.edu
85e4afde-2bc2-41fa-9f35-e1efa621e015,Raven,McBrearty,rmcbreartyw@time.com
085c9635-73de-4e89-b9bd-9a95ee0cf8fa,Shaun,Matkovic,smatkovicx@sogou.com
f2b1dbdf-89ce-4037-83c9-e5c819da5f8b,Loy,Hassur,lhassury@slashdot.org
c42f205e-2897-4efe-a24a-1987204871f7,Elston,Loffill,eloffillz@ebay.co.uk
38b4390e-dbd1-4ef6-95e9-6cdb02c5d39c,Coraline,Casale,ccasale10@disqus.com
08c0b944-c251-4090-ac08-c1ba04ad41dd,Rebekkah,Kobke,rkobke11@ucoz.com
53b3c8b7-8f67-43b1-9f0c-884f48feeb0a,Bernie,Forsythe,bforsythe12@businessweek.com
d87a637c-e8cb-474b-bd76-363f65a57b98,Marijo,Ritson,mritson13@nymag.com
abb6251d-7cb5-4800-98a7-e8f4dcba722f,Isabeau,Shervington,ishervington14@samsung.com
71cf10ba-aa24-4f98-a2fa-4208660d5c67,Gray,Rebillard,grebillard15@pen.io
9b0e2ce7-f0ab-478c-b5d2-e0c56862fdeb,Helaina,Wilding,hwilding16@umich.edu
2a8965b3-ceda-467a-819e-d9284f6093da,Daphne,Theobald,dtheobald17@senate.gov
0211a76c-c617-41a5-84d0-458f57a1f2e7,Brnaby,Austick,baustick18@time.com
da9f49e6-8cea-4b80-9dee-85d8069b81f7,Kenny,Betser,kbetser19@artisteer.com
2994edde-6b0d-4291-9e87-db783381c50c,Rudiger,Coton,rcoton1a@flavors.me
8f78106c-4bd6-4f95-ab9f-9574c92cadcf,Veronica,Habbal,vhabbal1b@twitter.com
4d8c4b6d-144a-45bc-a099-8baa42f7ac26,Ingamar,Tellenbrok,itellenbrok1c@virginia.edu
ecbc80f0-67b7-4297-b8d1-986a8e915b17,Morgen,Eisold,meisold1d@bing.com
4d1e88fa-6713-46c9-976c-69650d724e3c,Aloin,Tidridge,atidridge1e@yolasite.com
09d025c4-e2f8-4a74-8276-30f75ab3c78b,Pippa,Tessington,ptessington1f@ed.gov
9913fa0f-728f-4cc9-aca0-f54e0de6b979,Miguelita,Asken,masken1g@tripadvisor.com
07f0803c-ba9a-49fc-8260-9181d4d33391,Gibb,Girkins,ggirkins1h@un.org
c71e58ae-2683-4122-a20b-91ffe408f14d,Rowen,Brooks,rbrooks1i@alibaba.com
542a67fe-409e-4c16-baf3-eb389a9c1c0b,Ben,Nettles,bnettles1j@archive.org
d6479e08-14c5-47b8-bdcf-5025db3033e8,Lanette,Caswell,lcaswell1k@oakley.com
b6576417-d074-40eb-a19f-8f26fc60a1e8,Ulrika,Balharry,ubalharry1l@thetimes.co.uk
2ab5fd06-4780-4b92-9e5d-8d8f21e51da9,Karlee,Chateau,kchateau1m@europa.eu
49647cc3-e4ee-41ce-9225-9ed7b3a64333,Jewell,Do Rosario,jdorosario1n@disqus.com
84951380-0938-4ed0-87d4-2450e935e310,Emylee,Phizackerly,ephizackerly1o@phoca.cz
25ef78a2-e4da-4f65-9ef2-f5e8f56126e4,Isidora,Siely,isiely1p@google.com.hk
53b656ef-ddce-49f0-8020-fd53527ad31e,Ty,Leadstone,tleadstone1q@yellowpages.com
7b06e39f-42f7-44cf-83ba-e8bc5b665e8b,Clare,Blumson,cblumson1r@photobucket.com
a298a036-7006-4a5c-8142-88691bb03894,Boycey,Lucian,blucian1s@woothemes.com
ab8e6322-2382-43ea-814c-421fd8249008,Roxana,Cairns,rcairns1t@intel.com
ce92fa75-385d-42f5-a557-9dadd8b87bdc,Alexandra,Font,afont1u@shinystat.com
98f72704-1ac1-4d70-a76a-dcee84b99b98,Goober,Geram,ggeram1v@boston.com
07d25071-7f56-463e-a78b-8356fdd59eaf,Jorgan,de Najera,jdenajera1w@chronoengine.com
87d2e8d8-5640-44de-a2da-44936a82ee3c,Theodor,Weeke,tweeke1x@google.ca
74dd7fb6-2a4b-4139-b43d-220550f15e9f,Jacky,Dehn,jdehn1y@chicagotribune.com
7fab579b-f4a3-412b-a8fb-29ddeb86d47c,Chick,Sawney,csawney1z@census.gov
6ee31c68-c211-44a4-bc16-801fc7d08ee2,Melinda,Seager,mseager20@ebay.co.uk
357b5d0f-6485-40b9-997d-a7c5f1f6b937,Prescott,Hawthorn,phawthorn21@apple.com
56a76a67-8dfc-4659-913b-199664229515,Erica,Kingaby,ekingaby22@msn.com
acee6f21-7242-4385-87fc-94432e09cd8f,Even,Echallie,eechallie23@cmu.edu
0d43238f-f4a3-41f6-af4b-cade09eb8b77,Ulrick,Ambrosi,uambrosi24@is.gd
b8c83249-9341-4147-811c-ad33a7d49c38,Vita,Tampling,vtampling25@homestead.com
d69b560c-c24a-40d9-8b91-687096c4706f,Ilyssa,Yesson,iyesson26@mail.ru
2787d3f1-d574-4e5b-861c-8dc245713e87,Northrup,Colerick,ncolerick27@discovery.com
b1282013-51fd-446c-a768-8617748e40c4,Leone,Koppeck,lkoppeck28@infoseek.co.jp
f0c9cd87-1a59-4644-adb1-c1706ac89df3,Winonah,Gooly,wgooly29@vkontakte.ru
26d5a299-8ed4-422b-b7ce-3bb9b148a717,Masha,Bysaker,mbysaker2a@photobucket.com
341219cb-3926-4b74-9cc4-c70b2c003428,Robbin,Chooter,rchooter2b@bravesites.com
b890ba06-0ce1-466e-92f0-5325d41ce7ac,Avivah,O'Keevan,aokeevan2c@chicagotribune.com
8619f31b-be25-4a25-a721-94d5abc41f39,Wernher,Lightbourne,wlightbourne2d@nbcnews.com
13198ee0-8b30-4327-9ce3-82097e360e41,Doralia,Sandry,dsandry2e@yandex.ru
3dfe5fea-d2ae-425e-bcab-b9d1767abf40,Judah,Tow,jtow2f@uiuc.edu
5ba3140c-b527-4eb5-a6fc-a1e585803089,Quill,Painter,qpainter2g@marriott.com
4e85d360-f0a8-42dd-9b89-d258f9925dce,Gina,Delgua,gdelgua2h@xrea.com
29abd02d-f77a-483d-8827-aadb405da9ec,Basile,Goodred,bgoodred2i@prweb.com
a79f0e88-1c2d-4662-b51b-ba448b063b63,Myrta,Champ,mchamp2j@istockphoto.com
1d8e9d89-b5bb-4468-8b9f-d1c5e0f66c84,Liz,Abramof,labramof2k@google.es
c88c85ce-8d72-416b-84f6-d120e75008ff,Kelley,Cuttell,kcuttell2l@sourceforge.net
9a4387b5-0d19-4ee7-b3f9-26e587845c46,Rica,Martel,rmartel2m@smugmug.com
513e0c87-d472-47ce-bbfd-2dfde91346a1,Melody,Otley,motley2n@myspace.com
b0b3390d-70f7-48b7-8f93-03570492d7c1,Nataniel,Hawkyens,nhawkyens2o@arstechnica.com
0ba7dff8-9d94-4a14-af5a-9a883a95c958,Melvyn,Stower,mstower2p@ustream.tv
dc8fec4e-8985-4f76-9400-162903c19855,Aggy,McColl,amccoll2q@oaic.gov.au
a0735a1e-4abb-4aaf-a102-4a6719e5b774,Noelyn,Ivanyushkin,nivanyushkin2r@clickbank.net
2da426e1-a445-4d7c-b5d8-d78b93437489,Barry,Ipsley,bipsley2s@t-online.de
b8202985-3134-43fd-8e62-055ab740410f,Trudi,Coyett,tcoyett2t@hubpages.com
0c104153-b485-4759-9b71-cc91c4cb722e,Yoshi,Clapshaw,yclapshaw2u@theguardian.com
5a66c6c6-d004-4fc7-b482-f7882e6db335,Bennie,Koppen,bkoppen2v@devhub.com
fb412791-35e4-4473-84a7-9dd79b3bb470,Jeannie,Vials,jvials2w@dropbox.com
f4d41816-cea8-4ad3-9102-0b50053e4412,Jakob,Auchinleck,jauchinleck2x@tripadvisor.com
4033da48-c9f8-480d-bf39-cac848eedd02,Clifford,Karran,ckarran2y@bigcartel.com
508f752d-7e70-41e4-a113-7e1d676547a8,Derward,Bentick,dbentick2z@usa.gov
a9d8a528-dfa0-4e32-8efc-ee49c5049ae9,Magdalen,Burkitt,mburkitt30@istockphoto.com
644937dd-2c48-4fa1-bf86-0579a2b05fb3,Morty,Tomaino,mtomaino31@unesco.org
a5989ade-b61e-48de-9f58-a37a0fe16516,Marney,Aymer,maymer32@gravatar.com
39fc6a96-10b4-40ff-98ba-31e45a68026d,Janeen,Stallion,jstallion33@paginegialle.it
15b7da27-e99f-49a3-ae78-447e5495fdf6,Livvie,Ellesmere,lellesmere34@nytimes.com
7bf56a82-27dd-47a1-9007-4e18b95c1ffa,Hermia,Trusslove,htrusslove35@nifty.com
eeb8eb0f-5cca-4b38-ad64-1b5e6cd3a443,Tandy,McAster,tmcaster36@mayoclinic.com
002e27df-9698-42c3-881c-430593240b45,Ina,Trangmar,itrangmar37@pinterest.com
f6332ac4-e3aa-4731-8ee2-75b16249914d,Julianna,Duding,jduding38@freewebs.com
34bbccb4-4636-4c3c-936e-2b1e56acb25d,Janka,Garrettson,jgarrettson39@angelfire.com
471190ec-db85-40f3-bfd9-d0c4d5d220dd,Annadiana,Cicullo,acicullo3a@digg.com
8be47443-780f-4236-814b-9d0aabc60244,Modestia,Wiggett,mwiggett3b@narod.ru
c370b34b-f748-48e1-8070-28156469cc0f,Pennie,Benyon,pbenyon3c@unc.edu
09fc536e-36bc-4224-94b8-00826bc13271,Ashley,Dabnor,adabnor3d@sogou.com
b0a983a3-3520-4d61-94b6-12724e433e33,Isidore,Braycotton,ibraycotton3e@oakley.com
dcde91e8-c3c7-45e4-a13f-283b1bf7000b,Loralyn,Schneidau,lschneidau3f@hexun.com
c1028c6b-18c2-4d5c-937b-1947d8b5d52f,Albrecht,Keijser,akeijser3g@yale.edu
71abca01-5367-472e-ac1e-eb91e2326429,Vasili,Cometti,vcometti3h@uiuc.edu
ea66605d-64a6-4119-a2af-c79a069d61b8,Hilary,Craven,hcraven3i@ucla.edu
55eade05-3a3b-4197-bbfc-d5fd511894c0,Hersh,Cuttler,hcuttler3j@fastcompany.com
5ab64141-a68a-4710-9b8d-29a657c8a142,Thorstein,Harrower,tharrower3k@4shared.com
0da76f7d-5e76-4e98-a2dc-ece17754a2f7,Bram,Dictus,bdictus3l@nsw.gov.au
2ae585df-3c8f-4bf9-b1ee-fcab8c25d6ff,Curcio,Needs,cneeds3m@moonfruit.com
4acc2dea-648d-407e-bae2-e6ad61f3d612,Irvin,Gath,igath3n@smh.com.au
dcc4efaa-5db3-4f87-a168-dbfd2e79e9bc,Jada,Wickey,jwickey3o@amazon.co.jp
ba2acc87-fbe9-4b5b-ae94-eb93c603e04e,Rhodia,Malcolm,rmalcolm3p@yellowbook.com
d60349ac-0664-4dd6-80b2-f0eee73a23f1,Gigi,Hambelton,ghambelton3q@ow.ly
ddc058fe-64c7-41d0-9bbe-167200ab9b5a,Carolyn,Duplock,cduplock3r@thetimes.co.uk
bed37c0c-5026-4cd6-9ad1-e5b55d51123e,Prudi,Titterrell,ptitterrell3s@sitemeter.com
0b54b219-6e9c-4d62-9d34-4b62ca89a407,Dennie,Lurner,dlurner3t@biblegateway.com
82b76477-58ba-41a8-91ad-9dc71f07a5e8,Shari,Inglish,singlish3u@addtoany.com
71135bf4-298f-40ef-96d6-e1a1e0979057,Odelle,Speenden,ospeenden3v@cnn.com
70f34f96-174e-4e42-97b1-15ca390ad50d,Heinrick,Ilieve,hilieve3w@shinystat.com
d4308b2f-7a19-44b5-9161-c64cf1a55276,Carson,Connochie,cconnochie3x@moonfruit.com
cbfe905f-68fa-4a0b-a511-7d2da76f475e,Kalina,Dymond,kdymond3y@rambler.ru
fa1b7ef9-f68e-4085-8b38-85182f1a2571,Troy,Burton,tburton3z@nytimes.com
f8648721-9ed8-4c2a-8856-97e3c1b6bbc4,Esdras,Di Baudi,edibaudi40@dedecms.com
650252c5-6f99-4368-b54a-d001c53103aa,Broderic,Soloway,bsoloway41@arizona.edu
e032e2e3-c8c9-4d69-96bf-32338b24cc82,Mayer,McElhinney,mmcelhinney42@pcworld.com
9a553b3a-765a-4e90-ad5d-5ecdeddbfa16,Douglass,Cleobury,dcleobury43@myspace.com
04b07b8c-48c2-42c7-901b-3578293ad061,Suzy,Mealham,smealham44@wordpress.com
5cfd953f-ec1c-44e2-a896-fd4628c2f695,Cordi,Ferrillio,cferrillio45@dot.gov
bd2f99a5-47bf-4e38-94e1-b2002c37c9f9,Zola,Shall,zshall46@nymag.com
3509e172-0bf2-4800-8efa-e696339b8798,Patrica,Leakner,pleakner47@godaddy.com
bfa1b277-aae9-40ea-ab56-a8c93a1c1a2d,Jayne,McCrow,jmccrow48@ca.gov
c9cbbc13-dc96-44c1-ba8b-368adafb2a2f,Fred,Bream,fbream49@rediff.com
f2e59a71-f1ce-46b1-9ad4-100f676d45d3,Eva,Andriveau,eandriveau4a@examiner.com
c8fb2f0d-e464-4861-9e18-8f4db282b1d4,Daren,Sparsholt,dsparsholt4b@google.fr
80d20f9a-c3ad-44ee-a622-092ec6016b02,Kary,Jump,kjump4c@photobucket.com
87c8f9e2-0995-4626-8478-0a790a7378d0,Nona,Mille,nmille4d@pbs.org
45d84d3c-fbe4-4e98-9110-efe7e517a010,Eadith,O'Lenechan,eolenechan4e@acquirethisname.com
c2cc8398-5415-4c31-bbb7-653694485d69,De witt,Bawme,dbawme4f@cnn.com
7ea0b68e-d35c-4908-9b51-3f307322f80f,Leodora,Bielefeld,lbielefeld4g@rambler.ru
5931ba96-33e2-4a57-a4e3-5bc021d39a0f,Wylie,Jentgens,wjentgens4h@freewebs.com
0c887c04-f100-4c71-a6b1-38140083600a,Ganny,Beceril,gbeceril4i@technorati.com
52c15c50-b7b4-493e-814d-2ddfe17c18a3,Georgi,Dallaghan,gdallaghan4j@google.it
a2fe65eb-6274-4f84-8f22-feaba4af01f9,Courtenay,Worsham,cworsham4k@seattletimes.com
d81e5312-fac5-4ac9-a554-3d5df0fc6458,Edy,Jerdan,ejerdan4l@dedecms.com
3f8651f8-89c1-4d5c-a587-1e059dab03f2,Concordia,Corroyer,ccorroyer4m@comcast.net
3c9d01a7-489e-4499-8e4b-b9ad7fa7375e,Alexine,Esterbrook,aesterbrook4n@cnn.com
34790fda-0c8e-49e5-af29-f4bbd898e94e,Petrina,Seaward,pseaward4o@ed.gov
8ad6a5e0-7cb0-4e40-872e-3f348034c77e,Nisse,Thrift,nthrift4p@studiopress.com
7c7f8000-6f27-45b4-8795-8a879ca9dedc,Inger,Ladewig,iladewig4q@tripod.com
be4c8b54-14e5-49f2-968f-d9fc252e5c00,Milzie,Hanna,mhanna4r@biblegateway.com
7e70cf45-507e-406c-bb89-85ee4550784f,Florence,Schulter,fschulter4s@google.nl
a10a88ab-3995-4e9e-90fd-51a9e8aef2c5,Ephrem,Liven,eliven4t@t.co
70852af4-2e57-40c1-b046-67fa4e70dfe1,Hortense,Petlyura,hpetlyura4u@uiuc.edu
827f45d8-3a1e-4bc5-93c9-0c0914682c61,Burlie,Turbard,bturbard4v@psu.edu
95649d0b-c855-46bb-819d-f1b3ba5ac7dc,Orelie,Kynnd,okynnd4w@liveinternet.ru
83f56191-9f6a-4331-b130-8581f594b3b0,Tessa,Janatka,tjanatka4x@photobucket.com
356df093-6fd5-4cb9-8540-bc063e801ae2,Anna-diane,Hubane,ahubane4y@over-blog.com
d421446d-9318-4974-946c-3c9cd7b5287a,Rice,Eppson,reppson4z@facebook.com
e97f67bf-40ca-44fc-9742-38b514170475,Rey,McMenamin,rmcmenamin50@state.tx.us
385aaeae-5025-44b8-8233-47db44ef266f,Silvia,Rable,srable51@irs.gov
d2de5bee-a474-414a-a167-d96777860a65,Angel,Gronaver,agronaver52@who.int
ff82270a-abcc-4284-aa80-6926d4042a7f,Noah,Ducaen,nducaen53@free.fr
31470fa1-a737-44c9-8593-b3f1279e01df,Tressa,Bonnick,tbonnick54@java.com
fff1a032-77fa-4064-96f0-cb2bff58403c,Mart,Gover,mgover55@wix.com
08d7cf7a-21b3-4f73-b0ae-1a054c9dc4f4,Dwain,Clunie,dclunie56@ifeng.com
2da56e5c-f7ab-46fa-8934-1565122ddeed,Leanor,Harcus,lharcus57@nih.gov
00e44a08-8f9d-4c42-82e0-e6431080253f,Rora,MacGuffog,rmacguffog58@nbcnews.com
a3885460-3c9d-439a-9389-978c5067c7c6,Tadd,Binnion,tbinnion59@uiuc.edu
61089810-df24-48a6-9a86-dff91ccf5c91,Tan,Goldston,tgoldston5a@cloudflare.com
dd0c9062-220f-4152-bd6c-732b78b5e4cc,Reinaldo,Lebarree,rlebarree5b@accuweather.com
cf9edc5e-9ee9-42dc-a3a4-92e94f315b9e,Idalia,Town,itown5c@vimeo.com
ccc6f3c8-1f2d-4430-9baa-d0f052866cb4,Hilde,Dyerson,hdyerson5d@live.com
305eddf1-d9c9-4051-9fa4-2ca5164e8a71,Patricia,Kondratenya,pkondratenya5e@imdb.com
ff63df78-7f10-4b69-b3e4-8962efe6dca9,Moll,Boadby,mboadby5f@youku.com
42a7587a-824a-4d5f-bf76-596409ea9405,Benetta,Beccles,bbeccles5g@scientificamerican.com
b8a30cd2-a261-449c-b520-f9c493fe36c4,Berkie,Eich,beich5h@statcounter.com
69502c33-37be-40ae-8bda-150938d0f9e3,Washington,Vannar,wvannar5i@jalbum.net
499f311b-d85c-49bc-a96f-cff72f48c6db,Norene,Primo,nprimo5j@jimdo.com
f6971d99-4132-418c-a8c7-874077a702d6,Else,Cesconi,ecesconi5k@so-net.ne.jp
5afedf16-b6c3-4033-b8bc-cf827ab620cd,Glyn,Jahn,gjahn5l@wordpress.com
b91c2073-ecba-4eb5-a05c-d523b1ac2402,Aloise,Fidoe,afidoe5m@yellowpages.com
76b786b4-81d0-4563-bdcc-d047a3ae99e3,Rebeka,Veart,rveart5n@a8.net
5408d211-2f3e-4a7f-b2f7-271cc96384a1,Trace,Ismail,tismail5o@theguardian.com
77724c89-c78f-4bf1-9c49-15bdc198dd7b,Minne,Jodlkowski,mjodlkowski5p@prnewswire.com
6aa8b035-c85f-4876-b340-c146f725a219,Hewet,Geertsen,hgeertsen5q@google.de
1ca7a1fe-40b4-4d98-af18-d370996b9918,Evelyn,Ellingford,eellingford5r@clickbank.net
03d28794-1982-46e5-8074-c6b796bbb635,Cob,Abbatt,cabbatt5s@dyndns.org
5f23a99f-c946-4ed3-a84d-520107336eac,Lincoln,Fluin,lfluin5t@google.cn
2b9004eb-7ecf-469b-b99a-5465a80f92d5,Nichol,Feronet,nferonet5u@pbs.org
c05b2b7d-7903-4835-b30b-6bb8007b92a9,Raphaela,Scammonden,rscammonden5v@wp.com
4990f47c-1e72-4e67-bcdc-54cb762d8929,Sidoney,Cardenoza,scardenoza5w@a8.net
801c496b-ffe6-4ad5-b4ce-06a8c1b53636,Georges,England,gengland5x@webmd.com
2a03fbab-a458-4da2-b932-5eeff5e83c95,Rozanne,Lung,rlung5y@devhub.com
4d27241b-624c-4ad4-9c05-193cbc2e5a19,Sheelah,Sinton,ssinton5z@blogspot.com
ecf6e717-5f29-4051-84b4-2d4d73cd9256,Salli,Benitez,sbenitez60@apple.com
60b95197-26b2-48eb-a96f-817ceca54000,Caty,Cleminson,ccleminson61@pcworld.com
d2d207cb-304c-496d-a382-8c752c294960,Pegeen,Binnell,pbinnell62@usatoday.com
95f98dc2-d81a-4335-a349-32760cb86781,Brett,Mapp,bmapp63@flickr.com
c6cc186c-22a5-4155-8c6d-b26828deadf1,Beret,Camplin,bcamplin64@ucla.edu
cf7d00bd-044b-4700-a820-c598fdd5c798,Morrie,Cicculi,mcicculi65@soup.io
e554e5f1-a27d-4532-a5ad-95c0cae67139,Fletcher,Hutchcraft,fhutchcraft66@miibeian.gov.cn
291154cc-8d50-46c5-92a9-f4bddcb3d6b7,Eben,Piccop,epiccop67@dell.com
1aeae62f-711d-490e-b829-775fcbe744fd,Alexandra,Sharplin,asharplin68@thetimes.co.uk
7e924d7a-7367-45cb-b84b-897b5c375059,Base,Dawney,bdawney69@theguardian.com
29fd6e24-a95e-4d79-8c95-7a2e94b4724c,Julissa,Gregol,jgregol6a@wordpress.org
98372204-1319-4657-94b9-7ab24253aad8,Fredia,Brigginshaw,fbrigginshaw6b@github.io
85bc8aa3-1f5d-46b6-a185-57e1c1798691,Grata,Brockelsby,gbrockelsby6c@pbs.org
fa433c7b-600f-422e-ad01-6c6e33814b7a,Coreen,Basillon,cbasillon6d@linkedin.com
24330bdf-52e8-4fc3-ad62-c58253add52b,Winslow,Spenceley,wspenceley6e@gov.uk
b71341fa-eeca-4638-925a-abb69fa5d400,Curr,Ackwood,cackwood6f@msu.edu
9be7683e-0d3f-4259-bb1f-4cab80993e45,Bobina,Doutch,bdoutch6g@forbes.com
666ca75b-a536-4c34-af64-316a7e84a8ac,Kenn,Lowson,klowson6h@patch.com
0d045cb8-b973-4bcf-8a1f-03348738eec4,Danny,Wasbrough,dwasbrough6i@google.nl
80fb326f-9db9-4fdd-8771-64d6fb3af1c8,Niall,McGaughey,nmcgaughey6j@biglobe.ne.jp
25f5b05f-f1b7-4164-bdfd-95ae5682f564,Janaye,Zincke,jzincke6k@gmpg.org
a63616a5-cb35-42a6-a375-88af09c50d4e,Kittie,Byrkmyr,kbyrkmyr6l@bluehost.com
c471fc8c-4eb0-4ba6-b210-bc86ba96d137,Lira,Hince,lhince6m@epa.gov
3e70f642-ecb9-4938-a9c3-1d55e34de3a4,Kathye,Hagart,khagart6n@time.com
c5f9910e-3bc5-4cbd-9770-3c2a0a4a6f9d,Giselle,Allbrook,gallbrook6o@flavors.me
62317114-a709-4160-bfb8-8639da043ae1,Angel,Devonald,adevonald6p@patch.com
9e24fef6-d051-49d8-ae8b-a268fe056bab,Selig,Roycroft,sroycroft6q@pcworld.com
57914507-0dec-4d4e-bf75-9eb4325667e6,Adrian,Vitte,avitte6r@xrea.com
82d5965e-25f0-4e53-8797-3163e1accbc2,Kassi,Padginton,kpadginton6s@tamu.edu
6fd3d23e-ed0e-41b0-bd8d-9d7b6abd39e0,Genevra,Olivazzi,golivazzi6t@vinaora.com
95b49285-98ee-4ea5-8bbe-2cee4384b103,Jacobo,Francello,jfrancello6u@opensource.org
ffb8dd71-f5af-4f6c-a25b-bb2235b6b59f,Ephrayim,Karadzas,ekaradzas6v@oakley.com
99ff93b2-526b-409e-ad61-ba8b8402295b,Alecia,Harrismith,aharrismith6w@imageshack.us
937632fd-478b-4948-ad5e-f984b95e5108,Cris,Ogbourne,cogbourne6x@reverbnation.com
9c75d5b5-f493-4133-882a-7f9c497ae152,Alistair,Couvet,acouvet6y@123-reg.co.uk
08b915b4-2ed4-4541-92ce-133cb5e70f25,Sutherland,Bortolozzi,sbortolozzi6z@geocities.jp
72d388b6-6acf-45ac-b147-6e4734a647c8,Smitty,Shillito,sshillito70@ycombinator.com
2278f7de-ecdc-4605-8ea2-dd1d4ae6052b,Noble,Colbridge,ncolbridge71@fc2.com
cf1c7586-6b4f-4296-af3e-f843efe1b850,Collin,Pepperell,cpepperell72@nhs.uk
ae998fc9-bf69-4ac3-bdcb-e265af49849d,Megen,Cogley,mcogley73@slashdot.org
0e575be2-3e29-483e-91a9-6deb0f93b62b,Dinnie,Purves,dpurves74@wp.com
0d94c0fd-8d66-47db-bfae-de629c5f772a,Brod,Giraudo,bgiraudo75@wiley.com
4c282dc3-9c14-45c1-a479-7b823cbb940a,Brucie,Colthard,bcolthard76@com.com
8e8049ae-b7e1-41c4-8108-5c8202e3674c,Jennine,Dies,jdies77@is.gd
1c38dbf4-18bc-4a63-a5dc-b7adda70dcd3,Roarke,Attride,rattride78@businessweek.com
9f10fd11-4e99-43b3-8a79-c0c342acd875,Clemmy,Steuhlmeyer,csteuhlmeyer79@netscape.com
e889db8a-ff27-465f-a005-292ec7ffebb2,Morly,Breem,mbreem7a@is.gd
fc0f60af-7742-4726-8f74-1b492a713cdf,Mildred,Normavill,mnormavill7b@deliciousdays.com
f866ed7c-c953-49e1-878c-5834c22ac7d7,Meredeth,Cloney,mcloney7c@webmd.com
a75a418a-c014-45a0-9b36-ec3720128278,Petronilla,Gepheart,pgepheart7d@qq.com
5b07b6c1-2321-4bb6-b1b6-9cd90a087413,Stephi,Fish,sfish7e@marketwatch.com
0240cc4e-0488-4358-ab6e-1323eab045c9,Alexine,Franceschielli,afranceschielli7f@buzzfeed.com
8ed4b098-3e33-4fbf-8eeb-9997988c2d04,Budd,Bernli,bbernli7g@tinypic.com
2caa8526-8cea-471b-80e2-c5bbce79f651,Krissie,Sellack,ksellack7h@cbsnews.com
873c0264-48bb-4f76-8d17-03dcd6555e92,Ethelind,Jersch,ejersch7i@live.com
1796a979-3f63-4d1e-b231-adf91c75c548,Lonnard,Courvert,lcourvert7j@barnesandnoble.com
24a1d221-c059-4ca1-becd-61aaf957c257,Hy,Iston,histon7k@independent.co.uk
45a394f0-1b68-4c1e-a12a-eb5398438d36,Sam,Lapenna,slapenna7l@angelfire.com
c2a9ad43-8315-4ac5-816f-6e5e2ffd0b3b,Lark,O'Loughlin,loloughlin7m@devhub.com
50781319-0389-4051-be2f-30b1b01c8876,Emlyn,Clausson,eclausson7n@ihg.com
185d0e6c-d401-4823-9b10-71b112e15fde,Oneida,Scarsbrook,oscarsbrook7o@vk.com
9a0ed7cc-a320-4211-b9d7-58cf9b85d612,Reggis,Bick,rbick7p@theguardian.com
11bacfd6-8fac-4ad7-b6aa-95a7490f6460,Irving,Wilcot,iwilcot7q@psu.edu
051eff5d-f93c-4de1-ad24-edfb0be446b5,Dix,Birtwell,dbirtwell7r@auda.org.au
8a0b66d7-c691-47f5-9b9a-cd31c796f09b,Theodoric,Durnan,tdurnan7s@usgs.gov
bb3ef1a9-5e63-4a18-8e4d-8f69729c8680,Netti,Bushen,nbushen7t@webmd.com
ba54238a-8a60-488c-90e6-dd834ea45e99,Gardie,Montacute,gmontacute7u@baidu.com
dfb60fb7-ba3a-44da-9eb8-e0a4119108d3,Lissie,Elstub,lelstub7v@archive.org
e9e2685e-58db-49df-b908-f9906497dc2b,Whitman,Lisciandro,wlisciandro7w@usgs.gov
d6e6d01b-5cbe-43f7-8aa1-88a2be81d77a,Dolores,Kingscote,dkingscote7x@prweb.com
dceda3ee-9a37-4e7e-951a-fb1e522a741e,Nikaniki,Glasscott,nglasscott7y@nature.com
5bf12baf-2a29-4661-9885-af3627788485,Reggie,Rivaland,rrivaland7z@eventbrite.com
fe66045d-8d9f-464b-bd8b-c578069bb0bf,Darby,Jowle,djowle80@biblegateway.com
3f45e8b1-602e-4323-afe7-e19ee9829ab0,Paton,Mollene,pmollene81@rakuten.co.jp
6c507319-301d-4eca-a799-94a439302cef,Eduard,March,emarch82@vistaprint.com
32f8136b-35fc-4588-99c2-23cf8db228b2,Natalie,Oakenford,noakenford83@cyberchimps.com
4928bc03-aa3d-4585-8b77-c9b840394b68,Myer,Adamovicz,madamovicz84@globo.com
90b16166-f534-4b2b-b8ce-ad851b75a0e5,Krishnah,Lethbridge,klethbridge85@eepurl.com
81cd6d20-4e4d-493c-8262-1fcd5a3745f5,Milton,Jeratt,mjeratt86@a8.net
9f552cb5-ce56-4845-8072-1d70e0466c2d,Victoir,Lockie,vlockie87@vistaprint.com
3bdd61d3-85e8-41d7-96e9-633bfaad3c77,Jaquelin,Struss,jstruss88@disqus.com
cfcca838-7018-44d5-bbca-66440217fa68,Amberly,Fancott,afancott89@mashable.com
fcb7775a-09f2-43f2-a3e5-723ffc29c3b7,Garrot,Gaffon,ggaffon8a@wikispaces.com
bef64cd1-1b5e-45fa-bc3a-6f3bc78083ea,Leoine,Wilcher,lwilcher8b@sbwire.com
6a036ce4-41b3-4910-93c2-d526122d2696,Emery,Jiggins,ejiggins8c@mail.ru
e337f63e-2acd-493c-bf73-3953a97d7934,Cheryl,Baumler,cbaumler8d@trellian.com
2be947ae-20e5-4e0c-9162-09cfdb402fb1,Chrystel,Looker,clooker8e@shinystat.com
bfe3fab4-a823-4f07-b96b-9a8bb54b1832,Brynne,Rishworth,brishworth8f@loc.gov
c2145e55-4aa8-4c82-bd3f-0240469e1991,Becca,Shear,bshear8g@hubpages.com
a8e7e018-5ecd-45b7-a7ab-d8395ba7c80f,Drugi,Rawcliff,drawcliff8h@wordpress.com
caf66dd3-a0d5-403f-86de-bc6a579d9101,Emelen,Worgen,eworgen8i@digg.com
743e012b-98a4-4f0b-99de-ca3d5aad20af,Mattheus,Gueste,mgueste8j@tmall.com
04a324ae-547a-4d1b-a696-b2fc06203bb2,Fons,Boagey,fboagey8k@skype.com
f0a894bc-17e5-4520-b1d3-1c7dc7503e46,Ramon,Bosher,rbosher8l@cbsnews.com
a38a8fa1-6e99-40a4-b8df-d5470366786c,Marysa,Alderwick,malderwick8m@comcast.net
9da0a5ce-d582-459e-8838-e62ada522afe,Loree,Boagey,lboagey8n@go.com
66d0fd27-95ff-4495-b228-a9d9d3f5d497,Skippie,Cary,scary8o@feedburner.com
4de3a60c-8a4e-402b-a342-97fc324fa81b,Corabel,Kummerlowe,ckummerlowe8p@abc.net.au
1cf3d0d7-65ae-4537-a7f2-cb397158ec84,Bibbie,Cassey,bcassey8q@discuz.net
9e4e53bc-311f-4bab-ae95-19563924280c,Ana,Hamprecht,ahamprecht8r@wunderground.com
4aefe5d1-7018-4e88-a686-c7b2e41e5b56,Lyn,Benit,lbenit8s@about.me
12542087-66a4-4184-880f-80f4dad36e0a,Delia,Trobridge,dtrobridge8t@sfgate.com
0c00ecc2-076f-42c0-876a-cd96065bb29f,Caldwell,Flanner,cflanner8u@symantec.com
49662768-b898-4b51-b38e-3fb6fd90c2df,Darya,Simonian,dsimonian8v@1und1.de
93e084c3-06b4-41fc-860c-5f2d67b3d129,Kassey,Lehrmann,klehrmann8w@redcross.org
e6998597-d662-4906-8c58-4612268a4c9a,Vittorio,Egleton,vegleton8x@ebay.com
59a0bba8-d971-413a-9a6a-75a59aacbd04,Tori,Buffin,tbuffin8y@ovh.net
a2a13c26-2cd1-4d26-b78b-a751b5db9125,Dina,Rolstone,drolstone8z@army.mil
c46bf276-99d5-4b17-99fd-17abc6d2cc3e,Laverna,Orr,lorr90@etsy.com
81007061-c929-404b-baac-c3abd4e6750e,Billie,Akhurst,bakhurst91@webmd.com
4ca9251d-166b-4e7c-9b0c-1c52ebe952c3,Dorthy,Josupeit,djosupeit92@squidoo.com
cc877b5e-fca8-4389-80ae-066a1fdd0636,Steffane,Romanetti,sromanetti93@opera.com
710e9d5f-a7a3-4476-8c63-2b89117fab31,Lilith,Kopmann,lkopmann94@sfgate.com
50454e0e-4a9c-447b-9bcf-f2013a6f06b2,Johnathan,Tomadoni,jtomadoni95@hugedomains.com
1d63d8af-2b81-40bf-bfaa-1de430b925f8,Oralee,Kendrick,okendrick96@scribd.com
a5732bbd-bba0-41ef-a8fd-6ff3490a5776,Kiersten,Stansell,kstansell97@cam.ac.uk
0555e3f3-fc84-4b6d-8488-4dbc12977f13,Stan,Beneix,sbeneix98@nbcnews.com
a74a4bb9-3b1f-43d3-9c66-1966c9e5b994,Keely,Brumfitt,kbrumfitt99@tinyurl.com
937daafd-2a67-4808-a12c-4a17c84b29e0,Jaquelin,Betterton,jbetterton9a@infoseek.co.jp
d34f2278-d3db-4015-8bef-13d0171f7677,Buckie,Cuerdale,bcuerdale9b@examiner.com
5db6a8ba-01dd-4257-9fd7-d33612fb85d2,Dody,Sandland,dsandland9c@csmonitor.com
e3e428f5-96c1-4eec-aff4-550567918c2c,Papageno,Mitchinson,pmitchinson9d@ebay.co.uk
69525d90-2ba9-46eb-9d3c-6b24c48993c1,Free,Shead,fshead9e@flickr.com
0a68b2f6-663a-4404-af0d-b96e0b5dd2ae,Tudor,Northleigh,tnorthleigh9f@nsw.gov.au
664757dc-48e9-4907-b1e2-f0bdfd57a6af,Lucius,Caulwell,lcaulwell9g@altervista.org
23190d84-72e1-4ba9-bc56-bdfb1f79b705,Adrian,Willshaw,awillshaw9h@flickr.com
313de5c3-7f12-4827-a3e7-fabef0fce9f8,Theobald,Fellow,tfellow9i@wikispaces.com
0acbb54b-fb08-4c02-bef3-7a087ca8bf57,Gladys,Cham,gcham9j@telegraph.co.uk
b21aba43-09b5-49bc-9f2d-3d4798eb96da,Pearl,Djurkovic,pdjurkovic9k@imageshack.us
519a2fb7-8b51-495f-a151-cfb9497ba368,Amory,Rebichon,arebichon9l@apache.org
35901a3c-9b22-4d0f-8c62-9c13978d4769,Myrilla,Ham,mham9m@so-net.ne.jp
95ef3f7b-00a4-4d5f-b9e4-c3737bad5d16,Sharlene,Crighton,scrighton9n@google.com.hk
b55ded7b-474e-479e-94a3-07bddc1427bc,Karole,Silverton,ksilverton9o@freewebs.com
4d205f5a-803c-4a49-96af-21314e555e52,Blakeley,D'Alesio,bdalesio9p@biblegateway.com
9df4af4e-ca08-41b2-a752-3dcb3ea6062f,Cory,Arnaudon,carnaudon9q@about.me
7c389c53-64f0-4b99-b99c-90bc2ebec475,Konstantine,Dannett,kdannett9r@discuz.net
655db330-df51-4a8f-89b7-3e90a49e35d6,Kimberli,Estabrook,kestabrook9s@reverbnation.com
3d208b77-39c5-4094-921f-619f1761b27c,Pacorro,Bartczak,pbartczak9t@nasa.gov
716a606f-ccef-42eb-aae3-5a55a938f57f,Dunstan,Strongitharm,dstrongitharm9u@nba.com
6815ca2e-18e7-4293-a0db-1882bd260857,Parry,Poll,ppoll9v@xing.com
ea4f5e2b-c90d-42db-8312-fb620d530471,Rozamond,Verillo,rverillo9w@vinaora.com
e9510814-7feb-4984-91df-babb10a512f6,Karee,Beisley,kbeisley9x@ucsd.edu
8ba3b5cc-09bf-42e4-b483-5d54ed4a23b5,Sharity,Kainz,skainz9y@ucoz.ru
ca28c2b5-3d3d-4476-94d8-10773155d059,Nelia,Gorton,ngorton9z@icq.com
0ba28b73-3a8d-48b3-a81a-9642f55dfc44,Dorothee,Caraher,dcarahera0@yahoo.co.jp
ac746763-36b0-4a44-a5bd-7998f56d2447,Enos,Gatteridge,egatteridgea1@so-net.ne.jp
f419a965-f188-467c-9f61-7df0ec67fd68,Moshe,Mecozzi,mmecozzia2@friendfeed.com
922915eb-53e0-4416-a71d-a913079036dc,Saudra,Baynom,sbaynoma3@samsung.com
f5f53aa5-3856-4280-bc6e-aa453b2ae406,Roshelle,Haborn,rhaborna4@theatlantic.com
57c3f424-bbab-4546-be0e-88443278dea6,Kizzie,Sollam,ksollama5@wordpress.org
21a87657-3275-495f-b463-b424bdd1b7ef,Mercy,Oertzen,moertzena6@salon.com
107c08d4-1e32-4bd9-930c-8d9b7206c201,Karylin,Cianni,kciannia7@cbslocal.com
a538ea82-399f-45c1-bea8-110df8ca6e12,Wilek,Fenn,wfenna8@ezinearticles.com
d50aae57-f6a8-4d5e-b170-5c0140642c69,Hanan,Drover,hdrovera9@soundcloud.com
40d2e961-a331-455a-9669-f5f056d1d2a3,Zandra,Haggar,zhaggaraa@weibo.com
5800fde2-0952-402d-abb2-04a8b94cc867,Griffy,Ixer,gixerab@businesswire.com
e5dece7d-791f-4d09-a949-d40d4d3d38ee,Therese,Bunstone,tbunstoneac@senate.gov
4e052f49-6e7b-4268-8964-bb6e2acc1e1e,Dalli,Geindre,dgeindread@usda.gov
2673eab9-fdbc-490e-b83c-edab2e90f618,Christye,Websdale,cwebsdaleae@hatena.ne.jp
ef5b60f6-9e46-4526-9097-5f82052fe363,Lennard,Langton,llangtonaf@unesco.org
8f3e0376-2225-4d22-85d1-bcdee3ea7e4e,Parker,Bosse,pbosseag@storify.com
11dafbca-208b-4d4b-82ad-0faada7d69c2,Borg,Goucher,bgoucherah@ucoz.ru
fc0ab21c-5b9c-4d53-b072-210042ad88d7,Berton,Bradly,bbradlyai@angelfire.com
968c8275-d7f2-40ed-a47c-67c329bbd08e,Glenine,Ould,gouldaj@posterous.com
a64db7bb-c506-4505-b9a2-f548aefa2714,Brigitte,Girardey,bgirardeyak@zdnet.com
9b35ee46-848c-4260-8364-783ccbba7504,Templeton,Mulvaney,tmulvaneyal@cmu.edu
e6cd6c35-b181-4c5e-84b7-baec3de8256b,Dennie,Kesteven,dkestevenam@hugedomains.com
bc995a3b-d0b4-4e58-8d7e-694ab7638b17,Hammad,Alps,halpsan@geocities.com
5ed89568-0d8e-46e7-8161-28406d28ac2b,Christean,Videneev,cvideneevao@godaddy.com
2221c756-7cac-467e-abf3-f0e807c84c12,Willem,Cornely,wcornelyap@ocn.ne.jp
63d941fa-7cb7-471b-863d-3f6f324c416e,Pryce,Balasini,pbalasiniaq@state.tx.us
bd83aa39-3278-43de-8418-736feb46d902,Clevie,Deners,cdenersar@networksolutions.com
0d37f3f5-8d8f-421a-9cde-64ff96cae4a4,Bryon,Melling,bmellingas@squarespace.com
62640583-3f6b-4ec0-81c5-98ae950804bd,Bobbee,Walework,bwaleworkat@a8.net
cb9363fe-9739-42db-ae2c-2f2bf80d052f,Dionisio,Cameron,dcameronau@comcast.net
6b4e5fb6-8961-4e07-ba33-8ea799fb0520,Clarissa,Braemer,cbraemerav@elpais.com
bbb56622-6456-45f0-b357-0ed8473eb5a8,Cleve,Jahnke,cjahnkeaw@telegraph.co.uk
061306d6-f5df-4809-a87f-8d0a5353ee35,Patty,Langdridge,plangdridgeax@netlog.com
ad53a216-6c08-42a7-b95c-4d8ab4bff59f,Michaelina,Etchells,metchellsay@unc.edu
e1746f79-94b6-4e30-998e-fb1911afa8a1,Oran,Bendig,obendigaz@artisteer.com
38121a92-f3be-4050-852a-f4727a9921ea,Alyssa,Spencers,aspencersb0@miitbeian.gov.cn
3364f937-a045-4b28-9194-173c6d77d98e,Nissie,Giddy,ngiddyb1@gravatar.com
684dc919-f249-4519-99cc-61185266f67b,Agnesse,Flowerden,aflowerdenb2@biglobe.ne.jp
f3beb222-08ca-43a7-9865-666129dbae6c,Colene,Crudge,ccrudgeb3@oracle.com
20533d94-f12d-455c-b953-4d7589c73a05,Kora,Hellwing,khellwingb4@nih.gov
c958da4f-60ae-4ae4-b016-07b57d5c5d4f,Bryan,Kevane,bkevaneb5@amazon.com
17c65ca1-e764-4e60-99be-e1bbdd8f8552,Webb,Casaroli,wcasarolib6@t-online.de
f14236b5-7eac-4c58-999a-1c5c856ecaa6,Tonie,Shulem,tshulemb7@list-manage.com
40b1ea88-e378-483b-a349-cce11f44c129,Evania,McShirrie,emcshirrieb8@chronoengine.com
b717d03c-7d4f-4c22-8575-c93aa11c8974,Lizbeth,Rayne,lrayneb9@skype.com
cdd3b555-7a04-45a7-b0c6-62d7eefce45f,Chucho,Kabos,ckabosba@europa.eu
cb15dd02-e06b-4e7e-8f27-487bbc738b03,Codee,Stranieri,cstranieribb@smh.com.au
f1408552-3b7e-46d7-8f12-1ab72eb42fec,Denney,Nickols,dnickolsbc@go.com
22ea28c1-1dd6-4d87-8d9a-e4ff06e1fe52,Dunc,Hambatch,dhambatchbd@google.ca
102769f8-6192-49fa-928e-0a9c01b02099,George,Shankster,gshanksterbe@psu.edu
d17ad557-adc4-4e3f-b215-ae33ab34e2c9,Lefty,Loker,llokerbf@army.mil
05edb7d9-2af4-4a10-bc61-59a4a2fa2550,Tommie,Playden,tplaydenbg@ucoz.ru
14066608-9b63-4eed-959f-387622a517b4,Gerald,Swalteridge,gswalteridgebh@statcounter.com
41a5124f-7be3-49c9-a9a4-d4e5faa79447,Lora,Tayspell,ltayspellbi@usgs.gov
2d30127f-50d5-4918-ab37-69932d6449b9,Fabiano,Lintott,flintottbj@canalblog.com
4c7606e6-7975-4914-9473-0592b380ed6d,Shelia,Loughnan,sloughnanbk@tmall.com
352d467f-efdd-4abb-aacb-afd894db0e49,Ferrell,Sabban,fsabbanbl@whitehouse.gov
6b1b30f4-69ce-40d2-904b-30167d5db0e9,Hersch,Anstice,hansticebm@mtv.com
7b0901c4-c78b-453f-9cbe-4ee1626a1573,Marnie,Brereton,mbreretonbn@eepurl.com
869e877a-4db4-4509-8cee-e917ffb6a5c8,Herby,Leschelle,hleschellebo@usnews.com
c9c3701c-2f17-45e4-b0f6-bf0ae55e11df,Atlanta,Carlone,acarlonebp@engadget.com
74078be8-9d97-4acd-816e-357f6db82a06,Winifred,Urlich,wurlichbq@tripod.com
95acea4c-b9ef-458a-8e68-7fd35a4b7f8b,Barton,Whitlam,bwhitlambr@wikimedia.org
7c3701f0-ff81-4ccd-bd72-edc2eca6526e,Giacomo,Ashdown,gashdownbs@webs.com
aeb7bd34-cb04-45a5-bb80-95aec1d12261,Sawyere,Spurdon,sspurdonbt@bluehost.com
e5e0541c-15ca-4add-a58c-f7efc4d3142b,Giuseppe,Macvain,gmacvainbu@goodreads.com
3118200e-dc96-4ad2-81b6-35bd871a72e5,Bobbette,Henrique,bhenriquebv@cyberchimps.com
eae17bac-0e28-4f4a-a94d-d73dc99309e6,Jaimie,Knipe,jknipebw@t-online.de
2faf0ec3-a087-4dd8-9841-0abbd7881eff,Warde,Jaggard,wjaggardbx@theglobeandmail.com
17352c13-d1bb-465d-a838-3929deb1cabe,Beverlee,Marti,bmartiby@netlog.com
61cad47f-1758-4425-a4a2-c31ad24e259a,Carlynne,Dunning,cdunningbz@weebly.com
6ebf509d-332c-415d-b46c-d1bb5ed5f80d,Sasha,Slator,sslatorc0@go.com
996f7e5e-fc83-4e51-a333-3521ef7d53d8,Cobby,Joseff,cjoseffc1@istockphoto.com
fadbd7c5-98de-48e9-a9d4-00473dc45c76,Emmalyn,Ruseworth,eruseworthc2@cpanel.net
07e28efd-40a2-46d6-a956-2b0c0afbb627,Fremont,Code,fcodec3@mozilla.org
69486c1f-ec44-43ce-9d2f-a578ced2abce,Jessamyn,Penchen,jpenchenc4@foxnews.com
5edb5c06-c9ab-41a2-9f9d-484f35d85e59,Cissy,Kunzelmann,ckunzelmannc5@yellowbook.com
7b21979a-7bd0-4f5c-aea7-9061dc56ee74,Marylynne,Adamovich,madamovichc6@usnews.com
ce90a512-7ea2-4963-9783-25cceb926ac0,Con,Blacklock,cblacklockc7@netvibes.com
6b94384a-3a1d-47b8-ae33-621261b90fda,Barbabra,MacCague,bmaccaguec8@weibo.com
61acef5a-2723-427d-b699-dfe8b9c0c6d2,Giacomo,Littrell,glittrellc9@ihg.com
7d950f03-f79b-489d-8228-9304d12a320e,Dani,Kemmer,dkemmerca@mail.ru
8ae65e78-8b17-4839-b072-5cf7827457da,Sarita,Lickorish,slickorishcb@blogs.com
e1ac4c43-c17b-44b5-9c63-2e40e83e11de,Sarina,Frost,sfrostcc@usatoday.com
1889a1a8-892b-4f61-8642-6589e798571a,Evangeline,Razoux,erazouxcd@360.cn
456d5313-0f16-4b93-90c2-77ff9e5fe277,Agnola,Bertelsen,abertelsence@imgur.com
066bb459-481a-4d62-9c97-9a1e69a9377b,Paquito,Stickel,pstickelcf@berkeley.edu
c1f4eb14-dee0-4b6b-b229-dfbe957c2656,Gauthier,Stitch,gstitchcg@spotify.com
1c69fcdd-6fd3-4286-9c5d-6952798dbda6,Adrianna,Snare,asnarech@sun.com
27be5535-403d-4d47-899d-9dd6ab1725de,Kaile,Djokovic,kdjokovicci@army.mil
2a24916e-208a-4ea1-b88e-390f5ff6360d,Lauren,Cuzen,lcuzencj@cmu.edu
7b2776e0-575b-43f3-bd8b-487eec99e9ab,Crysta,Hentzer,chentzerck@senate.gov
72043a0b-edfe-46fa-97f9-e1c5a087dfc9,Rosy,Gentil,rgentilcl@yale.edu
deab2d4c-dccc-4fc6-89cd-f4e0b17f5026,Jammal,Royson,jroysoncm@bloglovin.com
2e3cc0fa-43ee-4f83-bd93-d3bfa79d3314,Derron,Caplen,dcaplencn@flickr.com
1fbf1055-2108-4a53-a5c0-cef4219512ef,Ulla,Ravel,uravelco@zdnet.com
29403e54-ab55-4643-a01f-0b920310a856,Harper,Ockleshaw,hockleshawcp@smh.com.au
e28bf347-39a2-4bd5-965c-9a39605293cd,Romy,Keough,rkeoughcq@umn.edu
1b937a12-5e81-4b24-84bd-df7a3ac05dfd,Maible,McRill,mmcrillcr@mozilla.com
e1ba3c9a-642b-4aad-80b0-8173c1af9ff1,Vania,Czapla,vczaplacs@istockphoto.com
bb214902-2a5d-4429-bbea-2e8b693a3f61,Barty,Pedder,bpedderct@fda.gov
f843ce38-8162-4014-88fd-31a4e4ec9b6f,Malynda,Shovelin,mshovelincu@histats.com
5ca1315f-f8dd-4408-b0c5-4fd28ba3a5a9,Jerrold,Curdell,jcurdellcv@ebay.co.uk
c0c6c079-531f-4e84-8f87-0b448e6e3e3d,Thomas,Pottage,tpottagecw@tiny.cc
ecda74db-eaae-42c5-ac12-43fbef7987fe,Kathrine,McPeck,kmcpeckcx@ucoz.com
f214bae6-a91e-400b-9212-171c0933d557,Celesta,Losano,closanocy@ebay.co.uk
e9fa394d-6c76-40a9-9066-daace3e47896,Talyah,Van Weedenburg,tvanweedenburgcz@goodreads.com
9600c6fd-bebf-411c-bc29-e6cbc5c27659,Hewett,Vlasenkov,hvlasenkovd0@yahoo.co.jp
f67c8c58-83ce-41de-a479-ab4b019e26a1,Merv,Chidley,mchidleyd1@youku.com
6d135905-89f1-40d2-8902-85a16c6541d3,Raoul,Cisson,rcissond2@github.io
fdf86770-85ba-451c-a122-beca13042979,Elbertine,Dufaur,edufaurd3@myspace.com
47218520-29ac-4422-934e-131565c7e59d,Elyse,Sills,esillsd4@tamu.edu
5ac8e99d-49b5-4920-9b30-13fc1214d9eb,Bordy,Vannozzii,bvannozziid5@webmd.com
a79f63c7-62ec-4c4a-8442-c889182953a3,Davy,Salmoni,dsalmonid6@privacy.gov.au
65a70e0f-4b6c-4b0c-a562-59b0367b2e5b,Tanitansy,Curgenuer,tcurgenuerd7@home.pl
e8474df0-a86d-48b3-bc22-82f14a69118c,Tiphani,Papps,tpappsd8@answers.com
dc9a987c-9e4b-4576-8762-b9e14c1e2b0c,Joete,Bundy,jbundyd9@ted.com
95981344-5192-492c-90c5-059b34169f66,Carmela,Hasson,chassonda@engadget.com
b4a51c6d-5858-4302-ba19-07d83090df27,Ari,Dumbell,adumbelldb@fema.gov
e86d33bf-17ed-4c62-8a0d-47e3dcdaf286,Kendre,Veivers,kveiversdc@drupal.org
6dabb490-e491-4def-aceb-9f55f6958003,Loydie,Leaming,lleamingdd@forbes.com
416368ea-2430-4af8-b75d-9a1f440255a4,Nanon,Van Merwe,nvanmerwede@delicious.com
e05ef979-8de0-4c8a-afd3-cbed69a2afe9,Kirsten,Gooder,kgooderdf@oracle.com
8648f243-299a-47f9-91c1-1e1ce3431f76,Aeriela,Borless,aborlessdg@earthlink.net
a6ae4eea-2ead-455b-838e-a61c580da7fa,Thacher,Dummett,tdummettdh@homestead.com
7322ce43-8eb2-495a-8e2e-3910b7e1e4f5,Lamar,Ablott,lablottdi@ebay.com
51fb0102-01e5-4a45-925b-6dcef2e6500a,Annabel,Woolfall,awoolfalldj@ted.com
ae763fa7-400d-4aa3-b11c-0380de4a159e,Shoshanna,McAdam,smcadamdk@apache.org
5e334938-5277-4ddc-9f35-252eedea4137,Sarette,Le Strange,slestrangedl@sun.com
0704c804-07d4-4a8e-85c5-5d74ca71f8f2,Eleanore,Antonacci,eantonaccidm@wordpress.com
599acd22-01ae-443a-810a-f2f3b2105e32,Henka,Eddington,heddingtondn@youku.com
97aa8de1-8817-407a-b7b6-de12f92228d1,Stoddard,Pearne,spearnedo@goodreads.com
0d4360b4-1688-47ac-96ca-41e4099ef65f,Ilse,Ranscombe,iranscombedp@cbslocal.com
b50e991d-082e-4cc9-88f7-34eb169b5e1e,Gerry,Stoeckle,gstoeckledq@guardian.co.uk
fa5a299f-6007-412c-944b-d147a3682d4b,Diego,Hospital,dhospitaldr@ustream.tv
b8e20c3f-dad4-4d44-8d42-71cab11c6881,Simonette,Notman,snotmands@mail.ru
69ba310d-4687-4deb-beec-e5689af713f9,Deeann,Wattingham,dwattinghamdt@i2i.jp
2f7acba2-0372-4256-9adc-9b8df4136d89,Kimmy,Auletta,kaulettadu@de.vu
27a62b73-df91-4fe5-8646-0a6ce6ef441f,Marcelle,Leguey,mlegueydv@shinystat.com
4ec1b85a-4ed6-40c6-bd3c-c9ddbc93bdc8,Benji,Halpine,bhalpinedw@myspace.com
c13a824e-a660-4fe9-8a51-acbf9aead107,Magdalena,Auden,maudendx@geocities.jp
c0afc2c9-f203-4a50-8aa6-e8fd76368f97,Jessee,Gillingwater,jgillingwaterdy@123-reg.co.uk
86d86540-e158-446b-92f8-b876d4f22458,Brear,Scallan,bscallandz@nbcnews.com
0c0774ca-bca0-45f4-8094-ca50fa75891e,Rosemarie,Favelle,rfavellee0@theglobeandmail.com
06030570-522c-42bc-9814-9cc3de023de2,Titus,Foch,tfoche1@flavors.me
21a66119-fdda-43c3-b7cf-dc179087d61a,Savina,Moller,smollere2@boston.com
8d9d0bf1-bd7b-4db9-9037-70cc26eeddd5,Arie,Boards,aboardse3@google.co.jp
bb27b21e-9846-45de-a237-04e32d7dbd53,Joelynn,Gillingham,jgillinghame4@hp.com
e41a651e-6501-4dab-876a-7dcde2813c5f,Ginelle,Galliver,ggallivere5@admin.ch
f36f19b7-b518-4b7c-9ef1-652fb02d200b,Deane,Breeds,dbreedse6@nba.com
f67f1513-4a3e-44e9-a66e-cc0b36795a25,Florence,Innott,finnotte7@hp.com
a0cad785-762f-4d58-a815-b3b2f4870c6f,Wallace,O'Dennehy,wodennehye8@telegraph.co.uk
c42a3873-86d3-4e0d-a4ea-871876ae297f,Stormie,Pafford,spafforde9@51.la
9c82ff86-2cc1-466e-9080-897775a73588,Casandra,Petrasch,cpetraschea@tripadvisor.com
331db480-7ab1-47f8-bf75-c92e95b54dbf,Sandy,Weaving,sweavingeb@google.nl
a14dcd2a-85d4-4b7a-bbfa-edab2e3d5ad8,Pasquale,McIlwrick,pmcilwrickec@unesco.org
19ee978d-cebd-42aa-8358-4cd8b91a72ba,Gabbie,Loughman,gloughmaned@ed.gov
ed30c195-cd83-4d74-944f-a6bfbd2db75c,Petr,Keetley,pkeetleyee@umich.edu
ce93903d-0a8c-40a4-acd9-0cc7542cba32,Wally,Dilleway,wdillewayef@a8.net
6b992548-a251-4456-9e5f-123950479555,Cori,Hinder,chindereg@example.com
2a4c5ebb-d4a1-4191-b742-3412d4cd7ff1,Nadine,Steutly,nsteutlyeh@tripadvisor.com
771fbf75-1faf-483c-ab86-72be5d14ae51,Rainer,Ackery,rackeryei@topsy.com
3c355328-30d8-467f-b9c0-0618934e2268,Renaud,Spiniello,rspinielloej@arizona.edu
9f71ce83-bafc-4834-bde3-7ada113c8f34,Broderic,Biggadike,bbiggadikeek@liveinternet.ru
53c0718d-382e-471e-8280-41a01976279a,Eloisa,Meletti,emelettiel@networksolutions.com
42d6510b-a9e4-4cec-8e07-e43a6b29b3e1,Sheilah,Baldry,sbaldryem@is.gd
777f245b-8526-4382-a8b3-e0674157b938,Mac,Jaouen,mjaouenen@hp.com
98d81211-9b0d-4927-b72d-1890281109da,Bord,Cheasman,bcheasmaneo@so-net.ne.jp
db61dd90-32db-48b6-a1aa-81d4e0ee982c,Faunie,Dafydd,fdafyddep@dedecms.com
c3e42045-ae3b-4473-bb57-6cab694aaace,Holt,Lorentzen,hlorentzeneq@businessinsider.com
544396a6-d710-4f21-b6a1-a7b697b6b9fb,Gaye,Cruxton,gcruxtoner@360.cn
a15a94ae-32bb-4894-8dc9-ad0c5e426561,Mimi,Lindhe,mlindhees@sourceforge.net
077d3ca7-c5c9-4a70-87f6-8f652c237fa4,Wendie,Forestall,wforestallet@t-online.de
07ba9b49-12e3-4bd8-8bc9-3023a2de8af0,Egon,Knapman,eknapmaneu@freewebs.com
0d1500ab-579d-4175-9d93-3d5834aef637,Coriss,De Bernardi,cdebernardiev@blog.com
c3762afa-f93b-4a1f-b28c-a02cb66b6aa6,Sullivan,Aslett,saslettew@census.gov
1d67c171-3a28-454c-8607-4d1285651b76,Bren,Velte,bvelteex@howstuffworks.com
799a58fc-8a49-4fda-8ed0-b8e63796e752,Bendick,Cawker,bcawkerey@hp.com
087a6b5d-6c71-4fc3-a341-c70fdb68e7f8,Julissa,Crispe,jcrispeez@tinypic.com
552ae94c-6d3f-438e-a370-f5b91388a716,Melisent,Chessill,mchessillf0@merriam-webster.com
0bed7119-6dbf-47b0-8ade-5168f7659d10,Tracey,Blucher,tblucherf1@nymag.com
af2dc26b-1aaa-4549-a3f6-b158b05c48cd,Mariska,Edensor,medensorf2@paypal.com
9e6badf1-b53b-40dd-b366-608956fdeb6c,Kyla,Dansey,kdanseyf3@csmonitor.com
25b10f56-31b6-45d0-8cef-2c08fd93ba10,Jilli,Biernacki,jbiernackif4@nifty.com
a1b7613b-b682-4924-99ce-0744c5957cce,Daren,Firminger,dfirmingerf5@indiatimes.com
fefb96a3-3b23-43c1-9043-5931170dccf1,Robinia,Corkill,rcorkillf6@vkontakte.ru
4fa5a242-7ea7-4651-8fc6-9c81386902d1,Vlad,Ennals,vennalsf7@ovh.net
07282734-a853-40b2-a517-742d64be7a93,Lorain,McPhaden,lmcphadenf8@edublogs.org
7cdbec1e-490c-43cf-a5a2-c2d113654558,Silvain,Larvor,slarvorf9@domainmarket.com
d026c042-e71e-4a5d-843d-9818b17240b7,Madlen,Antonich,mantonichfa@sciencedaily.com
42c654ae-a1f4-4718-882b-45d3c3494683,Adams,Amori,aamorifb@gov.uk
0b1e3433-b38e-4d74-8e3a-fbae7301fc41,Conan,Whittingham,cwhittinghamfc@loc.gov
3aa41dc8-4c63-4b40-a373-0864d6ecd905,Garvey,Hackworthy,ghackworthyfd@theglobeandmail.com
9fd0e80e-06d6-4e90-b4d1-ad43cfd5dd57,Hector,Grasser,hgrasserfe@imgur.com
21c04402-c7b8-421f-bdf0-cef7709cc3a5,Marna,Yashunin,myashuninff@nature.com
5c49dad7-c6d0-42be-9a69-f2d5dfee2ef4,Auguste,Rattery,aratteryfg@washingtonpost.com
8d5d9b24-d026-4b19-8efd-c03b6f760eaf,Aguie,Stienham,astienhamfh@msu.edu
ec9421f3-4df3-4e1f-b3d7-df4831438c6c,Guillermo,Brackstone,gbrackstonefi@1688.com
fd6187a3-17a5-4e3e-b7df-4093b0ed8a88,Bailey,Roskelley,broskelleyfj@ycombinator.com
10f11457-9f96-457b-908d-6de0c46fab8c,Barnebas,Marchbank,bmarchbankfk@shareasale.com
d63ef12c-f10f-42a1-81fa-b6129e1c89a6,Courtnay,Bonn,cbonnfl@google.co.uk
91920de8-4969-40a1-941c-5b7fc9a7a0fc,Vasilis,MacGinney,vmacginneyfm@moonfruit.com
7da8f196-193f-4b5e-8f7f-4432b771f2c8,Celisse,Libermore,clibermorefn@redcross.org
52c71e05-1be4-40cf-ab36-3bff67dc9b65,Gabie,Welham,gwelhamfo@ezinearticles.com
93bffcc7-ae25-4244-bd97-4164417061ec,Bryanty,Jacombs,bjacombsfp@berkeley.edu
0e8d51a2-2fc9-43f8-abdc-557fe61207c3,Lida,Brayford,lbrayfordfq@chronoengine.com
3eab3a58-ee11-4fe7-83d3-99a8f30d6bf7,Berke,Gingles,bginglesfr@imdb.com
64ccd147-ddbb-434f-a1a1-080cdbaba062,Dusty,Kerkham,dkerkhamfs@imdb.com
47c84529-8602-49ae-9a05-db3dc0ceab15,Bertina,Vsanelli,bvsanellift@chronoengine.com
3dab15ff-5825-4bd5-82e8-739598bf0289,Clementine,Chaucer,cchaucerfu@cnn.com
28ddf1a4-6be7-4bc4-b380-30af8e9def14,Shaun,Albrighton,salbrightonfv@patch.com
7465e3c2-eb89-4ea4-825d-28a5a39d3406,Rozanna,Woltman,rwoltmanfw@oracle.com
5956ef7c-fc91-4e0b-81f7-6042f14aae95,Lizbeth,Bayfield,lbayfieldfx@springer.com
6ba14df9-2f43-4117-b81e-f3ca2e5b8256,Colas,Campbell-Dunlop,ccampbelldunlopfy@fastcompany.com
41c93948-0f1c-43fa-a8e5-8b6e8821491d,Dario,Chateau,dchateaufz@latimes.com
321729e0-b63b-493a-9278-d9e4ab94e06b,Celia,Ride,crideg0@issuu.com
5d95068a-4a1e-4388-9d81-c477ff2642e8,Adamo,Yankin,ayanking1@wufoo.com
28f5d817-7783-47d9-99d3-a3d2c1b0af32,Isabelle,Scrimshaw,iscrimshawg2@dot.gov
9ed30d1d-b6c1-4dac-a05b-613135544072,Hersh,Petyt,hpetytg3@studiopress.com
205c68ed-4237-451a-92af-59fc7f0fabdb,Alicia,Nettleship,anettleshipg4@infoseek.co.jp
fd619cba-ffb3-4ea9-8302-abe244c18cb3,Kristofor,Oylett,koylettg5@jugem.jp
781dbce0-9293-45ee-942a-c1455ea97a97,Whitman,Biasotti,wbiasottig6@auda.org.au
af123316-b231-41a0-8200-d87ffcfc4f6f,Darby,Bote,dboteg7@businesswire.com
53318bbc-c1b9-448c-8fb6-aec22149b2e5,Nana,Luipold,nluipoldg8@example.com
d304c2d4-43d0-4c8a-a240-653219a0201b,Clare,Roskell,croskellg9@canalblog.com
d9a7ed70-4a27-4f56-a1fc-ea35b1cf4d7c,Eben,Cain,ecainga@vk.com
bc19f611-7b80-479f-b8ec-42202fedc349,Clementina,Frankham,cfrankhamgb@aboutads.info
a1377f4d-8636-4e64-9d2f-ffbe22fc9d60,Wyatt,McGannon,wmcgannongc@studiopress.com
7fa30eb2-3089-4807-ae5b-05d630fc55df,Hercules,Caesar,hcaesargd@goodreads.com
1fd84f9a-3366-4fbc-9539-2f1379715021,Vevay,Paolacci,vpaolaccige@toplist.cz
7ec65681-c3f3-4055-ba81-1d0114487e00,Luca,Eckersley,leckersleygf@acquirethisname.com
e1ff0cb4-b505-491c-8a59-88ac0c30cdd4,Aryn,Filyaev,afilyaevgg@ocn.ne.jp
76ff8894-de15-449d-814b-74543bf0f467,Tomkin,Harmar,tharmargh@tumblr.com
6648b970-000d-46c4-b4a6-a6d61788d321,Berkly,Killough,bkilloughgi@goo.ne.jp
c44cecc4-e321-457c-84d1-c9d65873efef,Avram,Tedman,atedmangj@samsung.com
fc3aa56f-a38d-40b1-b31e-fffea67f9755,Deb,Volker,dvolkergk@homestead.com
e73132b4-def1-4899-bb3d-087bb5efef7e,Tabby,de Broke,tdebrokegl@addthis.com
656b648c-e174-4eb1-9894-f86bad393893,Georgena,Rockingham,grockinghamgm@ft.com
89f9173d-ccb6-408e-b9bd-b0a94425c522,Inga,Sparshutt,isparshuttgn@marriott.com
72df4ce5-98f3-43f7-a794-d615917eda35,Idelle,McCathy,imccathygo@nyu.edu
77bce3cb-ad87-4051-a3af-0087b4efc829,Wenda,Hesey,wheseygp@miibeian.gov.cn
d7caa96f-d609-4f96-9a49-f51ed765c1f0,Clemens,Dimic,cdimicgq@1und1.de
c8ddd4ec-478c-4bf2-8598-0284667e4638,Carolann,Dommersen,cdommersengr@unc.edu
e70ef0ba-6585-42b5-84d0-a6261c0911a4,Lilla,Woolvin,lwoolvings@umich.edu
52e81926-cfad-4154-a69e-c5eb013ecadb,Les,Trevers,ltreversgt@ameblo.jp
3649c711-6b90-4246-883e-5021a26a3d67,Reeva,Groarty,rgroartygu@icio.us
2e8c49ff-bc5e-4f99-920b-81df94347abb,Zachariah,Wollen,zwollengv@merriam-webster.com
27636cd5-360d-4d3b-a5c3-9972c5e61964,Anny,Guthrie,aguthriegw@netvibes.com
d219bd6d-fa93-4c50-965e-cbfc3699bc76,Lion,Tomaszewski,ltomaszewskigx@blinklist.com
83402c85-1e51-4b74-a501-6b432b5e8bae,Papageno,Coolican,pcoolicangy@shareasale.com
32598d4a-64d8-4e61-9225-2a484f5c86ea,Cthrine,Unthank,cunthankgz@mozilla.org
e93a54d0-45ff-4503-af2d-800c2aa00e13,Dolores,Dulling,ddullingh0@dailymotion.com
af3f5033-a876-4bd4-98cc-8c34ed8bdbb9,Eleni,Joiris,ejoirish1@globo.com
7c974787-e8db-496f-b8cd-3d42580f72ef,Emmeline,Bleby,eblebyh2@nytimes.com
b4810085-7bd3-4099-94a2-da31177b9a53,Ralf,Jaulmes,rjaulmesh3@samsung.com
26fe5cef-c804-4f75-a9a5-d793082ccdb2,Ema,Smalls,esmallsh4@europa.eu
9b2eaa6d-782f-48f9-ba3d-d6937cf8b2f8,Maegan,Sebyer,msebyerh5@usa.gov
fe805c74-3d7d-44bc-bdb6-d5af0bf280a3,Emmye,Tardiff,etardiffh6@people.com.cn
8f74cc12-b938-4022-8a0f-c422a142d932,Putnam,Norrey,pnorreyh7@eepurl.com
23b733fe-cf1c-4382-bd2d-df435ede5178,Karyl,Rembrant,krembranth8@joomla.org
3dfdf678-1844-4c80-a775-ff43508543da,Allianora,Turnor,aturnorh9@google.es
43796ab7-109a-42f7-a178-ea1fc91e4d3f,Lorena,Spykins,lspykinsha@squarespace.com
97bb7080-9efd-4929-94af-8767e758e0ee,Nancy,Zammett,nzammetthb@netvibes.com
25c20a67-99db-4993-9102-9747bf8acf36,Tye,Gooding,tgoodinghc@cpanel.net
ad8e0458-9c2c-44fe-8ab7-beaebe0183ad,Flora,Pestricke,fpestrickehd@taobao.com
b4c4745a-9b9c-46c2-9ee3-378ea2a7be2a,Yule,Stooders,ystoodershe@w3.org
423b5356-4715-4d85-8d09-ff525a8c0c14,Flo,De Cristoforo,fdecristoforohf@sphinn.com
206e4e33-85f4-40a9-b4a1-e9c562525f7b,Constancy,Dagless,cdaglesshg@slideshare.net
ecb5e299-4c8b-4721-832a-03a28d9f15e9,Gwyn,Yarker,gyarkerhh@bizjournals.com
bf136c7e-bd22-4463-a2a6-80d7ed7ce325,Karola,Thecham,kthechamhi@t-online.de
98158dd9-b4a0-4166-8dd4-6bf90d348d4f,Lincoln,Tilbey,ltilbeyhj@auda.org.au
3f762a70-1352-46cf-ba1d-fee44f38ccd4,Myrtice,Wombwell,mwombwellhk@digg.com
7dbb18d8-4e62-48a5-b92a-0d8505c49f35,Jourdan,Weatherall,jweatherallhl@storify.com
b5b04052-05ab-4cff-886a-88f0bb7c1786,Liza,Stallen,lstallenhm@facebook.com
e078028b-690c-4684-b955-03aaccff96b8,Bettye,Conachy,bconachyhn@addtoany.com
eabeec87-c3c2-4fc4-a2e7-2ba2039b9d42,Dinah,Osgordby,dosgordbyho@vistaprint.com
87efde30-400f-43b3-89d2-6e5be6efcb89,Ralina,Scolts,rscoltshp@ucoz.com
9eb644bd-f433-4cea-96bd-2b29585cf5f6,Almire,Elgood,aelgoodhq@toplist.cz
c8c2b57b-237c-43ad-9337-d78c0d4d1571,Nev,Mildenhall,nmildenhallhr@taobao.com
1d5c335b-e5b1-4871-bcdd-68eaac64c291,Kingston,Sweetland,ksweetlandhs@google.cn
b0fd1b40-36a2-424b-8a9c-bb88196bbe0c,Milo,Bertolin,mbertolinht@cmu.edu
6bd0796e-dbd7-4d5e-bb18-7bdc7d42926e,Dru,Ashforth,dashforthhu@youtu.be
35839bd5-ff27-4d76-bde6-5bcc664a90ee,Orlan,Lowers,olowershv@disqus.com
d57ab54c-d2fc-4a48-9027-31ca0c48ff5e,Leroy,Crisell,lcrisellhw@deliciousdays.com
1e9c7aa6-2071-4aa2-bde9-1f366526d589,Birk,Upston,bupstonhx@abc.net.au
37fc5d78-be8a-4aaa-94ac-f80ad1fd7be6,Tiffani,Krop,tkrophy@goo.gl
5e71cf41-409f-42b3-8a5c-cd6bfbaf572e,Ronni,Barras,rbarrashz@goo.gl
93df31a1-c75c-405d-addf-c0abf7aa4cfb,Craig,Mollindinia,cmollindiniai0@hibu.com
dd50ab78-9a6c-4c51-bfe1-860fc84c27bc,Matty,Kolak,mkolaki1@bravesites.com
6230d855-d6d1-4c98-b3a8-b3d7a4e19b1c,Mathilde,Zum Felde,mzumfeldei2@tuttocitta.it
041b95dd-2f73-42a2-90d4-6d940b9904a5,Von,Metcalf,vmetcalfi3@smugmug.com
06276226-d2ce-488b-923f-1db49a87e576,Robinett,Ricker,rrickeri4@theguardian.com
2faf7178-29f4-43b9-ab4d-b5ca062df4c1,Terry,Yateman,tyatemani5@github.io
d3f78da5-4c01-4f09-ada9-609b79a9e09f,Barth,Dooler,bdooleri6@cbc.ca
c143672a-749b-4674-8d6e-ac252fb6ff51,Curran,Klementz,cklementzi7@wunderground.com
39964e5c-df19-4fe2-9798-9a0ac0314920,Caroljean,Rillett,crilletti8@wisc.edu
492e6974-c6ad-4065-9235-afcd3f315525,Kath,Perot,kperoti9@mit.edu
0e284322-6ea3-4322-bf68-9f32a856cfef,Elmo,Henric,ehenricia@pen.io
71684602-466b-4b29-809d-b5302e74404e,Cameron,Sawyers,csawyersib@webs.com
7e7f2b1f-2f86-44bc-b525-3c9da8680955,Madeline,Bendix,mbendixic@umn.edu
5571d88a-b071-4f16-bf5a-7cf19fd178cb,Salim,Monday,smondayid@dailymotion.com
6afd99ef-61f5-4678-a3b9-e0946e476415,Zarla,Profit,zprofitie@vistaprint.com
66d63fb3-ae33-486c-a0e2-9cc34e0406c5,Millicent,Jagger,mjaggerif@google.pl
9b51ba6e-f346-4a6e-b5d2-d7d0f452d243,Cleavland,Gronno,cgronnoig@quantcast.com
98edb445-d145-4163-a382-60defea366fa,Lynnet,Wharby,lwharbyih@privacy.gov.au
c8e31198-0804-45f1-9b3d-7ddfca661861,Lindy,Curnock,lcurnockii@noaa.gov
feb5937f-ce37-4485-807a-f882b97091c7,Kenyon,Kilgrew,kkilgrewij@spotify.com
202a4665-89ca-4fad-87e6-b9625a11533f,Rori,Danilovic,rdanilovicik@china.com.cn
5f560614-3747-4c1a-9620-967fc0163382,Alberto,Whitemarsh,awhitemarshil@ebay.co.uk
b7b30bab-6027-431e-927c-188def1d477e,Saw,Delgua,sdelguaim@hao123.com
4656dbee-1232-41e3-9a61-1b5f4d66f270,Piotr,Hildred,phildredin@prnewswire.com
b84f598c-8120-4a4e-9d95-10cc3f67d150,Ashbey,Pistol,apistolio@domainmarket.com
a9f33886-b053-47b2-a9ad-b5f8fc6edc6f,Jervis,Allner,jallnerip@addthis.com
38ee7895-85d0-4c24-8a71-b7449bbf56bb,Kari,Wackly,kwacklyiq@odnoklassniki.ru
725278eb-25c6-446c-b014-ac0ded8ad7d8,Chrissy,Isham,cishamir@wordpress.org
29627e1c-2845-44b4-b342-a6d7bc25f05f,Reggis,Wordsworth,rwordsworthis@nih.gov
01482bd2-d158-407b-99ef-ea615fb585bf,Curcio,Kuna,ckunait@nytimes.com
4d655d1e-dea0-47a6-81a5-a5a379976aa9,Orv,Antonucci,oantonucciiu@skype.com
cd1f7e6d-c977-4573-9011-1a0ade7be74b,Nico,Domerque,ndomerqueiv@cbsnews.com
08a5374a-335c-429f-86a8-a4a5bd63a90c,Cassey,Beausang,cbeausangiw@ycombinator.com
072eacca-486f-4f06-b3ae-88be828229fc,Dione,Money,dmoneyix@360.cn
36027560-08c2-41ed-8132-83cbb1444c07,Thaddus,Graffin,tgraffiniy@mayoclinic.com
6108a7bd-9f07-4c29-9985-ca48f6f215f9,Andrey,Sleightholme,asleightholmeiz@symantec.com
69cb4fc5-f346-4e1b-9208-e81e402d8b7c,Arney,Philipot,aphilipotj0@hubpages.com
77b4a7d0-34b0-4f57-8eae-57dfbfe981e6,Curry,Sonner,csonnerj1@google.co.uk
195278fc-b1f6-4393-8295-2db66f32bed1,Lemmie,Dunabie,ldunabiej2@cdbaby.com
6d1a68db-e260-4131-b917-ef1800389c5d,Chad,Colling,ccollingj3@economist.com
ba868348-c465-4bbb-b051-a9a45849314b,Chrisy,Lamers,clamersj4@purevolume.com
528a68ec-18e5-4c7a-a9c3-776f0b13f822,Corina,Mallen,cmallenj5@marriott.com
2831a225-43f0-44f1-aac9-0ed7cdb301f9,Conan,Melonby,cmelonbyj6@guardian.co.uk
07d28b3c-d79d-468d-81e8-350a106a2a42,Elise,Gorner,egornerj7@jimdo.com
cea55c07-9c09-4e26-944e-cee31fd37ea1,Lion,Luetkemeyers,lluetkemeyersj8@nymag.com
e843d88c-b59d-497f-bdf8-17f0a1e6c7bd,Jeniffer,Turvey,jturveyj9@lulu.com
863c3cfb-8f42-4619-b162-3b3054c5a4e1,Chandra,Fenix,cfenixja@cbc.ca
debbe440-57e4-4d70-9183-37d28d538988,Edlin,Dutnall,edutnalljb@1688.com
9b258c42-43c6-455b-8bde-8ad1623d24f3,Brianne,Kryszkiecicz,bkryszkieciczjc@dagondesign.com
3a007fd6-5ec0-4639-bfdc-b29d44f6f319,Austin,Quittonden,aquittondenjd@lulu.com
2f95d506-3f46-46fd-b138-8bb4286b1c50,Clerissa,Rohmer,crohmerje@msu.edu
975801fd-2983-42b8-aa4c-6fa8a443cb5a,Jerrine,Beckwith,jbeckwithjf@naver.com
908e82d4-8c66-4cbe-bd9d-b1ba5a4fc7d2,Kristyn,Offen,koffenjg@china.com.cn
e37b794b-0ea1-4f3f-85b4-6a59ee2c983b,Selia,Frere,sfrerejh@narod.ru
e036b621-b027-4315-9211-7ee41a69c8ce,Sher,Iddon,siddonji@ftc.gov
e47dcde0-a814-4c08-ba71-2b506b0a79e4,Mariska,Blindermann,mblindermannjj@guardian.co.uk
3dae0901-72da-4636-8d52-f398f041e46c,Jason,Gouldstraw,jgouldstrawjk@ovh.net
fd0b6b21-67ad-4328-920e-6729644bccf4,Rickie,Grewar,rgrewarjl@ow.ly
80400fbf-84ef-4f99-8c4f-445a4c27402e,Annecorinne,Harrowell,aharrowelljm@nymag.com
fe6dc3a8-ba64-4ca5-893a-a2d4d57950f8,Stephine,Klarzynski,sklarzynskijn@addthis.com
0ea06bf7-89c4-48cf-bc0c-3996356eccac,Rosette,Oliver-Paull,roliverpaulljo@psu.edu
8e64fc56-c834-4923-87ae-deab5a607393,Nixie,Withrop,nwithropjp@biglobe.ne.jp
978c7a81-3390-42d9-9517-2fd3e4d6623f,Netti,Cullinan,ncullinanjq@ehow.com
62b934e5-51ff-4a58-b1a8-3a6c7311cf45,Ralina,Turneaux,rturneauxjr@pen.io
a3cbe2bc-a866-477c-b05d-987eb1dd496b,Dallis,Wickett,dwickettjs@infoseek.co.jp
35d6e5fc-9c5d-4907-b400-6152e7586a73,Selle,Boules,sboulesjt@marketwatch.com
ff72b1f0-1a74-4a32-9b59-156e6a4d7457,Dode,Levington,dlevingtonju@abc.net.au
6b229035-7cde-4087-a89b-54200a37e4b2,Raimundo,Mottini,rmottinijv@walmart.com
71bf1746-4f7e-4f19-8bdd-c3ccd3d66f1d,Ruy,Erbe,rerbejw@amazon.co.uk
64bedb7a-4fdd-4dc8-a5cf-3378761c76d2,Dougy,Draper,ddraperjx@ovh.net
530ddde7-df03-4fd5-ac36-3295398ceec1,Libbi,Denham,ldenhamjy@webeden.co.uk
c0d59154-ac04-41da-85d7-8810cee5843c,Blisse,Woollends,bwoollendsjz@tuttocitta.it
a2c2125b-2b61-4ca1-8ee1-dca1594f1481,Glynn,Kearton,gkeartonk0@comcast.net
7b18432f-9520-40e9-99b7-02cf903e6ffc,Sheelah,Sarver,ssarverk1@ucoz.com
503dc992-2cd6-4fd5-81ed-1aa2cb5b342f,Harrietta,Abramovici,habramovicik2@bbb.org
c1bb773f-19cd-4117-aead-e408b25dbb7c,Jerrilyn,Daine,jdainek3@google.ru
69101218-f2ed-4e6e-a482-e27c261c3e23,Nikita,MacFadden,nmacfaddenk4@biblegateway.com
643c6b8f-a809-48be-9e6e-f09f4fd9bf86,Salomone,Odda,soddak5@microsoft.com
9314d27e-0104-4b12-b8f0-1db19c1f0c41,Werner,Clouter,wclouterk6@squidoo.com
e96b86a1-3bd2-4750-810b-92024477ceb4,Suzette,Clayworth,sclayworthk7@youtu.be
10bc3284-9502-47f2-923c-f77a3886dd69,Oona,Leeder,oleederk8@washington.edu
7bc78626-6610-4cc6-a4e4-d43d2d7461ee,Ulick,Borrington,uborringtonk9@nps.gov
6927a2cf-1f4a-474d-89be-66a1e085d873,Ezra,Evison,eevisonka@domainmarket.com
5d6e4b57-378e-4da7-87d7-4353526bd780,Talia,Ferrandez,tferrandezkb@huffingtonpost.com
88e10f17-a572-4380-b26a-0601b3e62d55,Ella,Smeall,esmeallkc@de.vu
2a9179cd-913b-458e-bc3b-5806660b564e,Daren,Buckthought,dbuckthoughtkd@so-net.ne.jp
c9738f3a-c143-4734-ac84-c6c029690f3d,Ray,Cattenach,rcattenachke@amazon.co.jp
d9e54209-77f6-4cb6-a452-eafd817a1cd7,Darcey,Crippill,dcrippillkf@ustream.tv
45b204e7-5838-4c2a-a9e1-dc1057f6c8f1,Sheridan,Sedge,ssedgekg@meetup.com
dfab5b4e-b6fc-4c79-892c-b1bd8227e7fe,Teodoro,Flatman,tflatmankh@infoseek.co.jp
239d4675-93b3-4434-acef-b03394360113,Arley,Rosenstiel,arosenstielki@sun.com
0fb825ce-9372-4276-8dd4-31e0c2e0f66a,Kelcy,Armfirld,karmfirldkj@163.com
2b16d542-a938-4942-8a78-d7e218e3e394,Cosetta,Proback,cprobackkk@1und1.de
6e34e90e-b8ab-4e4c-881c-b67ed0e9cfb1,Mariya,Shevels,mshevelskl@meetup.com
7ba24123-6939-4576-8618-71d23e745c3f,Latisha,Corradini,lcorradinikm@phoca.cz
52869a8f-bf75-4f33-b6c5-9815921fc706,Roby,Camel,rcamelkn@nhs.uk
9de014d0-abd9-47b7-9937-13fa4634a2a9,Randi,Bridgestock,rbridgestockko@yolasite.com
99f6500e-a644-4e7e-8091-e7780a7c85d9,Janeta,Ayllett,jayllettkp@tripod.com
41173ac0-bea5-4ff5-8ed1-2ea47afaffc9,Tiffi,Haggard,thaggardkq@illinois.edu
344b5e51-0904-4bdc-b39b-8e532192ab72,Othella,Sambrook,osambrookkr@umn.edu
28510a29-b987-4162-a951-d996f3f56fa4,Kitty,Leckie,kleckieks@timesonline.co.uk
3c471042-c7e1-42f6-aab2-2c727a10d2f1,Bryna,Rose,brosekt@nasa.gov
4b58d67d-fcd0-4ab2-a5f6-9ed4a4bb398f,Veriee,Slide,vslideku@furl.net
b602362e-2142-46a2-b21e-3452a365a34b,Abramo,Eastope,aeastopekv@dagondesign.com
129727a0-d453-4f74-baa4-a5756f1251a6,Jessa,Gething,jgethingkw@about.com
d8b83f18-806d-4168-b520-09fdee1a1516,Tansy,Hildred,thildredkx@businessinsider.com
537a19a7-47b2-4f45-85ee-4a95cf3c04c9,Gabie,Fergie,gfergieky@harvard.edu
253c0e14-5a4a-4ac0-8153-e571775653c4,Kristofer,Eckly,kecklykz@thetimes.co.uk
8a97ae53-bae8-4706-8634-e016adb15d7c,Patricio,Baggalley,pbaggalleyl0@google.com.au
7eaac911-ee35-4dae-9047-5672c0a6268d,Wood,Speak,wspeakl1@histats.com
b81823dd-a5b9-4066-8a20-3f394122eded,Drusy,Gaynsford,dgaynsfordl2@tumblr.com
b96b8bf4-5285-4901-92ff-58fc3f58c135,Crista,Menichelli,cmenichellil3@phoca.cz
586ef297-2da8-477a-b3e0-e1deaa7e1be9,Christabel,Inkle,cinklel4@bravesites.com
e8ded759-9195-4ecc-8e04-9d93f1d3a5ff,Wally,Hallen,whallenl5@nih.gov
17c0da85-abf7-407d-88bd-ac380c4fcf09,Merell,Smithson,msmithsonl6@slashdot.org
ab912e35-975c-4382-8947-f11103dbb5f6,Osborn,Dimmock,odimmockl7@toplist.cz
7a9feba7-7fd4-4a40-ad6c-f2fb0e50e90d,Lynette,Gimber,lgimberl8@bloglines.com
f8cb3072-b28d-4c21-a2d8-bfe6391826d3,Norry,Bazylets,nbazyletsl9@blogs.com
b82b320e-2a3f-4a03-afa3-4f2ffb15a1e9,Justino,Cowland,jcowlandla@unicef.org
9547e9ca-9b94-4b61-8748-dcf584c368e6,Kennie,Wakley,kwakleylb@slideshare.net
bcb00f1a-71c3-4b30-825a-59f2d8bab633,Bertina,Fassam,bfassamlc@toplist.cz
cf91d6b2-08fc-4815-be8d-7b35990ccf3a,Kiah,Hens,khensld@altervista.org
4015a55f-8320-40bc-896d-b780d596a881,Bethanne,Vanyushkin,bvanyushkinle@ucoz.ru
7eeecfc8-1fd1-4c5a-b14e-72272b90ccdf,Jamima,Killingbeck,jkillingbecklf@ihg.com
12986931-248c-4ae7-8754-8442f7e0b6f5,Erma,Glanton,eglantonlg@dailymotion.com
86f4ee4c-da60-4ca6-bd4f-d2ec8a15cf1b,Jeannette,Nathon,jnathonlh@gravatar.com
92737bd4-d0d4-4f45-813e-acf6083ef56d,Tabitha,Isaksson,tisakssonli@dedecms.com
5029cb76-3336-4ad0-97a8-3f9b38988f44,Farly,Coldham,fcoldhamlj@adobe.com
d67e7231-fb4a-462c-97f2-2d50cdcb8dd4,Odie,Wain,owainlk@nps.gov
697e4d09-b25d-4bda-9675-2c2b66a561e0,Blanca,Alsopp,balsoppll@dmoz.org
c9e2b8cd-6ea3-4bfd-8c08-10c32246a9a8,Andres,Wigelsworth,awigelsworthlm@youtu.be
7eba6d86-13d5-4ac5-91fc-2e1e2ccaace4,Doll,Matyushenko,dmatyushenkoln@hc360.com
d3c482ce-d126-4b83-b75c-ba6e595fef12,Herbie,Cosby,hcosbylo@smh.com.au
b0fb8b55-a573-4ba5-8b52-936e3bbc0e47,Siusan,Harome,sharomelp@bbc.co.uk
81231588-93ca-4c81-8463-1bfa1f56167a,Fleur,Blees,fbleeslq@vinaora.com
c1bc593e-ec99-4a2e-b157-2f19f6e53979,Morey,Watmough,mwatmoughlr@linkedin.com
27626418-6b4e-46b9-aae6-9996c604752b,Austina,Quayle,aquaylels@google.cn
dcf62954-5ca3-4e62-adf7-81eabb7046b3,Lexie,Pritty,lprittylt@mit.edu
e3ef0bd6-1d2a-49fa-bc65-f84a0e964233,Sherlock,Wrathmell,swrathmelllu@zdnet.com
06d8cf2b-0727-4b0c-b11e-f6aa3a8235e2,Jerald,Oade,joadelv@house.gov
233e3853-4c5a-48be-bb4c-7f35d2c246e7,Harmon,Knevit,hknevitlw@alexa.com
4aa2eb85-be0a-4706-bc10-7934aaeb2329,Hilly,Dodwell,hdodwelllx@fema.gov
5c504d4a-2559-4318-b7e6-f6a1ace5588a,Alisander,Slopier,aslopierly@chron.com
351e75ca-fcc1-4537-b7af-57ba80a447b7,Courtnay,Baline,cbalinelz@wiley.com
78b87ecd-6ffd-4b88-830e-78b6c158e711,Haskell,Chadburn,hchadburnm0@live.com
a551182d-80ae-4179-b33f-615e3fe8e93c,Carter,Borleace,cborleacem1@unblog.fr
c6b0177b-4781-4472-8103-f63127f9665f,Betteann,Prigmore,bprigmorem2@odnoklassniki.ru
9710548a-bccf-4ce0-a4ae-b26faf9d1a15,Christine,Janaud,cjanaudm3@thetimes.co.uk
d7f2c4c9-ab4a-48ea-b45a-dc181df373cd,Consolata,Kiera,ckieram4@admin.ch
63a1718c-b41d-4399-8aa7-9d802604005b,Filip,Hinners,fhinnersm5@tiny.cc
67975d73-df50-4359-90aa-7756a9b088fd,Town,Tipperton,ttippertonm6@comsenz.com
783d285f-4257-4d9c-99f0-6d9791723c5a,Tilly,Prazer,tprazerm7@walmart.com
a46f2657-e2d3-4dcc-bbe5-f23b095d7de8,Taite,Malarkey,tmalarkeym8@kickstarter.com
150dbeba-ffea-47b5-8450-a814fc936bc9,Llewellyn,O'Day,lodaym9@sogou.com
85ff96e4-a870-4c12-9cbe-53fa324ec564,Immanuel,Kettles,ikettlesma@auda.org.au
7e8c80c2-2675-4706-8f88-f0f85cd1852f,Eran,Pursehouse,epursehousemb@senate.gov
13ba8cf6-c46a-4e0e-85d0-2824337de63a,Hayley,Lambswood,hlambswoodmc@craigslist.org
2f125389-bd2d-46f6-a162-e33d977dfd7a,Lita,Roussel,lrousselmd@nytimes.com
56ce4633-5262-42ac-a4fb-8621f6bc0839,Letta,McDell,lmcdellme@wisc.edu
c20f1f30-70a5-4064-8d89-11550651924e,Leonerd,Scouse,lscousemf@narod.ru
71c57743-f755-4ad1-9138-b11fdcb02139,Mellisa,Beart,mbeartmg@about.com
9429661b-0395-4f4c-81ab-b1296ca5baab,Eleanor,Jallin,ejallinmh@comsenz.com
37f5d2be-460a-405f-8303-242118a9d45e,Fayette,Berthod,fberthodmi@51.la
88c0af5a-3ccf-4851-b04d-cab2a65d6517,Kristin,Pershouse,kpershousemj@bizjournals.com
040a4004-1fa1-4471-b186-e467afcb9b05,Retha,Lissandrini,rlissandrinimk@shinystat.com
daa61dcf-858b-4b29-8ea1-bf639db94d32,Ulric,Ladds,uladdsml@godaddy.com
20ddba18-9b38-41bf-ad0c-ea5b4a0e9ba0,Charlena,McKernon,cmckernonmm@elpais.com
9faf1b47-16ec-454e-8bf7-ecd9543e42b8,Anne,Blundon,ablundonmn@usa.gov
72f439bd-0f20-4458-afe2-b60d8f1cb659,Dan,Micklewicz,dmicklewiczmo@nyu.edu
3da57bc3-3e81-486f-bd01-d638141ac71f,Brandise,Kibbye,bkibbyemp@hhs.gov
b6b67e67-1aa8-47a8-9b8e-958cbad321dd,Millie,Leven,mlevenmq@dmoz.org
19f27865-bb5a-4416-b6ea-08aae9e8f5d3,Katalin,Pawellek,kpawellekmr@booking.com
24d211a2-9a0b-467c-b691-cac907a5e6d6,Talyah,Ridges,tridgesms@epa.gov
1478fdb0-9c06-4a22-9725-366b09fe0951,Hazel,Boutton,hbouttonmt@nih.gov
440e8c7e-16f7-42f0-b5a4-689323474bde,Dillon,Jewers,djewersmu@blog.com
120d0a9a-9df3-494d-9967-6106053f7dfd,Adamo,McNay,amcnaymv@marketwatch.com
d051e634-1adc-4efe-8a76-56214bc95e70,Ingar,Melanaphy,imelanaphymw@de.vu
b5f7551b-07a4-4878-b3dd-217e75f6feb9,Glad,Lamdin,glamdinmx@umn.edu
917b5a13-2088-4089-a283-8460ed323945,Hilario,Rawling,hrawlingmy@trellian.com
6530b772-a791-4be5-9c4c-37b10ba07587,Jeffry,Betje,jbetjemz@ted.com
aa32a3da-2520-4f51-8850-3de779392056,Mellicent,Lownie,mlownien0@nymag.com
d7bb4f9a-0d6c-44a8-bd1d-f155787ddf82,Sisile,Ghione,sghionen1@home.pl
793cad78-a172-4b4d-bbc3-bb28d9984be5,Hadrian,Henniger,hhennigern2@oracle.com
ee70607a-8dc2-4025-ad3a-4497beb24085,Devy,Tofano,dtofanon3@cnet.com
f0a70d71-91ae-4336-b25b-26c824e0ec8e,Henrietta,O'Loughlin,holoughlinn4@jimdo.com
bf3bea83-529f-4228-ac5b-74cf6cc9a173,Faustina,Ambrodi,fambrodin5@latimes.com
08538036-ea0c-4f01-80d4-e3bcf9d9c768,Keary,Bach,kbachn6@e-recht24.de
4c744de5-6be0-46ca-93ba-cd4d105e1256,Margery,Galland,mgallandn7@mail.ru
0cd1ff35-c7ca-4577-b5ae-6e6a795d9e76,Verne,Drioli,vdriolin8@studiopress.com
5f0e8b49-8680-4dd8-b8fa-d60740d93f22,Becca,Bengtsen,bbengtsenn9@wordpress.com
52ad9f99-e972-4e9a-97f7-18ea1d110918,Elaina,Loghan,eloghanna@samsung.com
41b08897-f61e-47af-91ad-1b8b4784e3e8,Dominique,Vlasov,dvlasovnb@engadget.com
e33be7ca-f513-4bd2-95a4-ca9542c70211,Cami,Ortmann,cortmannnc@shutterfly.com
8f1c710c-abf3-43e8-b5f9-5725d32a952e,Izak,Danilovitch,idanilovitchnd@goo.ne.jp
9a499914-6676-4f70-937b-73b89db6f506,Zonnya,Pugh,zpughne@google.ru
c239d200-75ba-4623-98e1-4325c0d7df30,Trevar,Alcoran,talcorannf@unicef.org
3bb7fe92-9087-4320-8fe6-0aa634d23b14,Salomone,Swaisland,sswaislandng@mysql.com
03b911df-75ca-484e-86b9-1e081adf7fcf,Malinde,Pryke,mprykenh@ning.com
fe909286-bbda-41f5-809c-2bb1450e55dc,Aguistin,McRill,amcrillni@quantcast.com
d0723e32-82dc-443f-84be-faba081a1e40,Holli,Cleary,hclearynj@sphinn.com
6512cf38-2bb4-4138-997b-812617a81413,Flory,Garman,fgarmannk@parallels.com
629c7a68-b554-4731-a763-1945ea0b9e03,Lamond,Ovid,lovidnl@cbslocal.com
fa62e956-ab83-4a31-9f82-2a5bd2ceae69,Dougy,Stoacley,dstoacleynm@bluehost.com
e9f47c75-759d-48ca-8cac-4a0258f9af13,Nicolas,Atteridge,natteridgenn@reference.com
92e7658f-d3c0-4f2c-82bf-3f08060dc861,Veronique,Cranfield,vcranfieldno@gizmodo.com
ebebc540-4304-4fd7-a649-10ed8bfb5489,Marigold,O'Driscole,modriscolenp@acquirethisname.com
5576a9f9-161c-4ecc-ab16-92912a8c07b4,Wenda,Dymott,wdymottnq@goo.ne.jp
4d38428d-d7a5-4586-af14-256dc8936b09,Truda,Gertray,tgertraynr@rambler.ru
b8629e15-7f95-4ae4-91d6-ac8c0b6566a9,Rory,Lourens,rlourensns@weibo.com
07f8f562-7b69-4319-97d4-72bdc2e0029e,Amity,Lindblad,alindbladnt@wired.com
82cb56f8-d044-482b-bd55-a882073d6d66,Ethelda,Guthrum,eguthrumnu@lycos.com
9fcc4765-5bdb-4678-ae93-b357f0b9338b,Carl,Harpham,charphamnv@studiopress.com
7aff742d-4c9d-48e3-9b92-280c2302e077,Wye,Clendennen,wclendennennw@indiegogo.com
e0ad6248-227b-424c-8376-ead6741643c7,Cad,Saggers,csaggersnx@ucsd.edu
7dcd74bd-5628-4b27-87c0-22bb0bcef771,Bambi,Congreave,bcongreaveny@guardian.co.uk
52e92aa3-b4e8-4d8d-af63-e839c670e9cc,Adela,Goodbairn,agoodbairnnz@parallels.com
06cc3dc4-df08-48aa-900f-a84266f56876,Murielle,Stelljes,mstelljeso0@paginegialle.it
ead07801-4f95-4944-8429-555161b2a723,Darb,Gilliver,dgillivero1@posterous.com
4c80da65-7155-4850-997f-a71673e57f79,Filippa,Laite,flaiteo2@altervista.org
bd61f5af-f604-4c4a-aadb-71da55bf6885,Cordie,Effnert,ceffnerto3@sbwire.com
9c7edb83-a5f8-4f63-8b5d-a7c3be868101,Pascal,Bullent,pbullento4@clickbank.net
c261e716-af6e-4e02-9f29-978a1f8d4d56,Bud,O'Keaveny,bokeavenyo5@hp.com
54c28a90-f439-4841-a3fe-2dff1be91d63,Sheelah,Saleway,ssalewayo6@microsoft.com
bdd6f68d-02b8-4807-8294-a3e1ce502d8f,Eva,Neilus,eneiluso7@webmd.com
a6487b5a-c1d3-480e-832c-7f8d6cb4b1eb,Lorita,Jeayes,ljeayeso8@acquirethisname.com
483f732f-af48-4a04-a1e6-771748b954d8,Brigg,Limpkin,blimpkino9@icio.us
9482deae-2ced-4d80-a443-8617e6d7cec9,Edin,Whyler,ewhyleroa@pcworld.com
254269d4-8ebc-40bb-b130-cc37380696e5,Lezlie,Oakes,loakesob@microsoft.com
054168e8-d397-4588-abf5-113c4adc3827,Gustavus,Forbes,gforbesoc@topsy.com
143f02ec-76da-48b3-ac72-efcb41f736f8,Philippe,Moseley,pmoseleyod@google.fr
ac64a2ab-ef88-4a54-a184-eef8a248521c,Mufi,Copello,mcopellooe@constantcontact.com
34a1bbdb-fe2b-4ce4-b5bf-11ee9a5584f5,Ingram,Keasy,ikeasyof@psu.edu
185679c3-f4c3-4951-bf15-f180ce18ca1e,Ronalda,Withull,rwithullog@comsenz.com
0a74019c-cc2a-44cf-8386-71483456d4be,Mavis,Smalcombe,msmalcombeoh@creativecommons.org
c5656a27-036c-49ff-a41a-509ffd78aa13,Grove,Sandon,gsandonoi@independent.co.uk
853781e9-453b-4fc0-ad76-533ded9f3ae6,Storm,Jatczak,sjatczakoj@yahoo.co.jp
7cf7ca3d-5a5b-428d-9537-77c526e0fd50,Clarice,Bagster,cbagsterok@nsw.gov.au
b434e984-ab85-44db-9b7e-760245eb22f0,Tully,Achurch,tachurchol@liveinternet.ru
2db1a003-1fb6-49eb-b9cb-2fbfd99c90e5,Jada,Fearnyough,jfearnyoughom@csmonitor.com
7ac56f4d-c2d0-42d8-85a0-0ef0045fb032,Nata,Raise,nraiseon@cargocollective.com
44373584-7db5-4fe4-a187-333f8bbc3e5c,Loralee,Bartosch,lbartoschoo@themeforest.net
566d42f3-87e4-462e-8319-a1523183fdcd,Danielle,Sorsby,dsorsbyop@example.com
4e14c702-c604-4c41-b26d-b79de48fa5bc,Haleigh,Lydster,hlydsteroq@alibaba.com
ea5a2e45-0be1-4236-9ef3-52f9a9da4a6b,Krystal,Mullaly,kmullalyor@shareasale.com
c14c3233-319b-41eb-a305-b433b8a12312,Winnifred,Waldocke,wwaldockeos@oaic.gov.au
d91ad4a9-6bfa-4fc4-ab8e-7c51f21ea980,Reece,Ramas,rramasot@sphinn.com
3b10b2de-d762-4025-909c-5bf61d351246,Elnora,Hathaway,ehathawayou@homestead.com
715e26e7-043d-48ea-a017-9f404780f429,Igor,McGiveen,imcgiveenov@upenn.edu
5cd42a2d-ed21-424d-b0c0-95c9bf92facc,Margot,Jannequin,mjannequinow@over-blog.com
843d31d6-78c4-4296-a97f-7ecd02ecf1aa,Moe,Capewell,mcapewellox@dagondesign.com
c5f494a4-6812-4009-bc0a-1e9514c4d480,Nicolais,Puckring,npuckringoy@a8.net
ca0ee713-63fb-4985-a771-369faa17a806,Sheba,Brech,sbrechoz@jugem.jp
3835c538-844e-47af-9282-a26abc7b48a2,Selia,Liptrod,sliptrodp0@opensource.org
40661ee3-8108-4f1f-be82-6017f715f793,Orsola,Redhills,oredhillsp1@addthis.com
6246163c-6c2b-49c6-b2c0-d60d290439f8,Wenonah,Bagot,wbagotp2@github.io
3bbeda9d-9db7-459e-9b7e-e708eaacc1b8,Darci,Spacey,dspaceyp3@dropbox.com
95d14a52-0f85-4a01-b433-bf9949292762,Baxter,Karpenya,bkarpenyap4@i2i.jp
bb0feff0-1358-4826-83c5-6233024d0d3b,Lora,Asbrey,lasbreyp5@biglobe.ne.jp
c47cccdc-259f-4eb4-af5b-e5fec3f73e26,Dewey,Braycotton,dbraycottonp6@networksolutions.com
88577111-724b-49e0-8e88-c9aa6a6dfeaf,Meggi,Durward,mdurwardp7@msu.edu
ffb19867-4049-45a3-99e8-3bcf735abf68,Starlin,Cradduck,scradduckp8@behance.net
17df3695-2f53-4504-b34b-1bffb1c00da3,Ky,Medlicott,kmedlicottp9@zimbio.com
570736b1-5102-42f0-802f-3da4ff63c78a,Rudyard,MacPherson,rmacphersonpa@goo.gl
26d0529d-4696-45ba-8123-f4776363c978,Daryle,Hanaby,dhanabypb@sitemeter.com
913ee4ed-374c-48a1-bc3a-2b90e23cff18,Any,Kemmey,akemmeypc@cornell.edu
64cbe338-829b-4664-be9c-273ce7983250,Erin,Hughes,ehughespd@google.cn
bde96154-f7ec-4085-9839-3c77bd45421f,Abie,Clitherow,aclitherowpe@usda.gov
7b5cf4f4-8ecb-4cf3-8882-3f4c20f8209b,Meriel,Barensky,mbarenskypf@linkedin.com
22887b10-1cc4-4331-b9c1-11b0c94b0656,Consolata,Capon,ccaponpg@fema.gov
2786444c-8e9b-47a5-b8b1-b50b423bc37d,Winnie,Burger,wburgerph@ifeng.com
19253cf1-1fad-4edc-b48f-071f24825185,Prisca,Chatin,pchatinpi@lulu.com
111a6a15-c4ed-4ea6-b459-baa7082a40c8,Rhett,Stronghill,rstronghillpj@vkontakte.ru
570cb052-3a7d-475f-8e59-a497f77dec41,Ced,Jobbins,cjobbinspk@github.com
96692dee-e9ac-4e27-b1c7-b5811a3cc82a,Goraud,Jennens,gjennenspl@rediff.com
a2a18c53-d391-44ea-a0fe-39e290b3986b,Phaedra,Batt,pbattpm@blinklist.com
0b52e574-2b3d-4dde-8b26-aa14b1fed2d5,Zacharias,Byre,zbyrepn@bing.com
092b275a-dd78-4372-a25a-db477a68fac5,Galven,Wevell,gwevellpo@hexun.com
e8829f6f-b97f-45c3-b357-32794e26ffc4,Emalee,D'Alessio,edalessiopp@seattletimes.com
54db972d-ba04-469a-9b3d-49282a04ed6f,Donna,Scudamore,dscudamorepq@cpanel.net
7f740b43-c88d-435b-87cc-0bf90c6b500a,Tarra,Roobottom,troobottompr@barnesandnoble.com
ef71d094-abdd-4358-b966-a46c87e0c666,Ailbert,Blaney,ablaneyps@state.tx.us
25602803-f897-4899-ae4a-1bd815b2d48b,Ulises,Scolland,uscollandpt@harvard.edu
08d4db5f-4b58-46cd-b211-4432678f84bc,Tades,Nappin,tnappinpu@indiegogo.com
7b860f80-ac3b-4f9e-9126-cc6923199211,Bartholomeo,Buesnel,bbuesnelpv@theguardian.com
92677a8f-32a9-4719-a725-887580a8a395,Blane,Milley,bmilleypw@disqus.com
ba372550-ab8a-4b55-8fa0-88604961c4b7,Elonore,Spall,espallpx@com.com
f776259d-9661-4e61-9f23-ce2242bb0d5f,Carlie,Wooton,cwootonpy@csmonitor.com
1e81404b-30b0-47a2-8991-020911de7884,Monti,Stains,mstainspz@newsvine.com
b90c43af-546b-4b01-a2d2-c08c4f282a04,Lea,Ekkel,lekkelq0@tmall.com
574a3a37-f405-4eec-be5f-8c7823b818b6,Darrick,Yarnold,dyarnoldq1@google.co.jp
7518981b-8966-497c-80fe-631bafd1ab54,Maridel,Teresse,mteresseq2@mysql.com
2a8444d2-a223-4e6d-9918-a8149ed3c947,Mikol,Riley,mrileyq3@hostgator.com
f52be36c-3f11-4f20-9c8e-bb12c6614c8b,Nadia,Cassel,ncasselq4@mysql.com
f520a635-9656-4645-b55b-350c5f65c072,Mollie,Charke,mcharkeq5@cargocollective.com
9e0fae61-f154-4393-91b8-981fcc3d62e5,Jonie,Billingham,jbillinghamq6@spiegel.de
01c79ba4-f39c-4b43-9558-7f75c567fdee,Jeramie,Templeman,jtemplemanq7@simplemachines.org
633e74a8-5f7b-45b2-988a-b7e2c680a023,Bobbie,Tomaszewski,btomaszewskiq8@blogs.com
3135332d-bf52-4398-81e2-2b37c79aa5d0,Tandy,Hockey,thockeyq9@creativecommons.org
328dced1-3c55-443a-a8b0-f8dc3fa14b00,Glennis,Kezor,gkezorqa@wikimedia.org
af5c8407-24dc-473e-9bc9-8ed62934f9ff,Deborah,Collingham,dcollinghamqb@cdbaby.com
341b4851-7c38-4d64-aa39-65d606148098,Tatum,Beseke,tbesekeqc@wikia.com
615f32ee-c06d-4197-aadb-22d442f31be7,Even,Szymanski,eszymanskiqd@istockphoto.com
4fe7f466-69e3-4bb7-9af7-9ac0f6a347d5,Darnall,Broderick,dbroderickqe@nationalgeographic.com
331723e2-8322-405a-a2db-dc4ea0568739,Florry,Upcraft,fupcraftqf@google.de
701b3ecc-47d1-4a4f-99d5-ef8328de8a67,Christean,Vogl,cvoglqg@mediafire.com
dbc08490-a41f-416f-9bf4-dc5933d6fb67,Aguste,Mansell,amansellqh@senate.gov
9cd31132-0a40-4874-b5b5-b4b5f7add3b3,Emilia,Worrall,eworrallqi@vimeo.com
91f61a3d-74bf-4208-989b-4ee27a7edb9f,Kerby,Smalley,ksmalleyqj@dyndns.org
6360cb38-e811-42cb-818a-c442215eea5b,Faustine,Hardman,fhardmanqk@statcounter.com
03fcd127-0bbc-459d-8a3f-51cb3d92a015,Edwina,Cathrae,ecathraeql@yandex.ru
a3901649-279e-4b0a-888e-85478e640bb5,Forster,Lumm,flummqm@wix.com
27946daa-0781-4acb-906d-c09b1fa754db,Aurlie,Tal,atalqn@abc.net.au
26c8e061-2b4d-433c-8205-f10f371b1ea0,Roxine,Caccavella,rcaccavellaqo@house.gov
cdad7075-4318-4bde-bf4d-0fc0d1a1536b,Goldy,Danniell,gdanniellqp@tripadvisor.com
d3b953eb-2511-42b8-8ac7-f1e5e985e593,Desiri,Crowcroft,dcrowcroftqq@economist.com
1aef8a3d-8f5e-4e43-9380-1f41382506fb,Scarlett,Shurville,sshurvilleqr@odnoklassniki.ru
bca62502-516a-4844-ad75-67de758ffe71,Coleen,Dimitrov,cdimitrovqs@hexun.com
4e03281c-3a1f-44d4-83b1-779920d60fab,Noland,Chetwin,nchetwinqt@spiegel.de
72157ed3-9a41-4f99-b667-9b6e90479a32,Micaela,Gayther,mgaytherqu@nytimes.com
72e89de7-19b1-421a-8b29-f9b19a9a4c63,Mel,Endricci,mendricciqv@upenn.edu
f08af79f-daa8-43d6-afe8-619b7103ac04,Lowrance,Bosomworth,lbosomworthqw@feedburner.com
0447e979-c4d0-493e-8ab4-ced8e6828fc5,Klaus,Caswell,kcaswellqx@paginegialle.it
96d846dd-5e3b-49e9-9adb-297850f3f9e8,Janna,Auckland,jaucklandqy@fastcompany.com
2041dabc-8886-41ff-aa43-95e2fbf11e87,Gertrude,Yerbury,gyerburyqz@photobucket.com
88d76ddc-516d-4fb8-9b42-47d733a70ad6,Brander,Scawen,bscawenr0@house.gov
89ecd536-81c2-45ca-a7eb-822c1eaf46e8,Danni,Seals,dsealsr1@hatena.ne.jp
19ed1b72-0303-4655-989d-2c75bcb8df5c,Langston,Baudry,lbaudryr2@de.vu
e5af3fe2-cea0-4452-9bd3-77dc9393ba8b,Jarrett,Itzhak,jitzhakr3@upenn.edu
62e98e9a-9bff-4528-9fa1-3141030db79b,Marge,Caughey,mcaugheyr4@timesonline.co.uk
050eb125-a97f-43e7-90fa-6355744df091,Saidee,Folger,sfolgerr5@dailymotion.com
1c1176e4-d2e8-4737-839b-e4ac5686fe2d,Rikki,Kasparski,rkasparskir6@nba.com
2ad6791b-96e8-4722-b6bf-7680cebd4e25,Zelma,English,zenglishr7@businessinsider.com
7d707960-44e6-4b09-85bd-6051368f4b33,Genvieve,Reeds,greedsr8@time.com
182009a3-f175-43bb-ae5a-1a7dcbd7d848,Angelina,Pyrah,apyrahr9@youku.com
cb79b2b1-862f-4097-9518-6d1283bc6aca,Rina,Hawker,rhawkerra@rakuten.co.jp
5b10df2f-1e60-4ca8-897f-4e9c6abf1637,Vernen,MacKnight,vmacknightrb@cornell.edu
d7f1e21e-bf56-4900-b267-ecb5ef7d83cc,Letitia,Winslett,lwinslettrc@yahoo.com
86ab86d5-2e60-4ae5-8b2b-b3bec9b6242e,Dian,Esposita,despositard@hc360.com
e8eb1c94-0680-4d5b-954f-ab354509e2a6,Joey,Sentance,jsentancere@icio.us
53e6b184-6d52-497b-b903-b444f48462d7,Bobbette,Sirmond,bsirmondrf@irs.gov
9611161d-5deb-462d-85e2-2bf12ed11292,Frederic,Twiggins,ftwigginsrg@bandcamp.com
46104491-94a3-4919-aa13-8dbd3f9aeaa5,Irita,Piers,ipiersrh@sourceforge.net
1c6cb5b7-99bd-463a-8540-ed032ab61adf,Cori,Scrannage,cscrannageri@miibeian.gov.cn
e1f024f3-93de-4ad8-9fac-98c76e9c6013,Ximenes,Spinige,xspinigerj@smugmug.com
6cc539f6-15ec-4ffe-bac7-49370b39b0a3,Phylys,Egger,peggerrk@posterous.com
25a5655b-d1d3-405b-ad0e-280aa2df48c5,Astra,McIan,amcianrl@slideshare.net
3a75085e-b62a-4b46-ae6c-0962c7db5631,Jemmie,Elcox,jelcoxrm@amazonaws.com
77814cb0-ebb2-493c-aa56-51e9cbbc13e6,Marylinda,Dybald,mdybaldrn@soup.io
e0c4b173-7721-43c0-8b5b-ae569ecb8178,Shellie,Menendez,smenendezro@sina.com.cn
8f2d1103-410b-4d29-9f56-f70f5e419c82,Denys,Carle,dcarlerp@theguardian.com
ba29bfc7-5e70-48a9-ac7a-272e5493e6a9,Tyne,Peever,tpeeverrq@hhs.gov
b3b2d347-7af8-4a9e-a235-e4a5d5ccf8e1,Ker,Prigmore,kprigmorerr@jimdo.com
